0399156488,[9, 16, 19]
0062092812,[18]
0547318359,[16]
0385539436,[1, 1, 3, 1, 3, 3, 1, 1, 1, 1, 3, 4, 7, 7, 10, 9, 11, 10, 13, 14]
0312362153,[1, 3, 6, 11, 17]
1400066034,[10, 18]
052595161X,[9, 15]
0312358342,[6, 8, 18, 18]
0062190377,[3, 5, 7, 12, 20]
0060873027,[6, 9, 10, 13, 13, 13]
0399163840,[1, 5, 8, 8, 7, 10, 18]
0312583214,[5, 15, 17]
0312567464,[10, 13]
0385340990,[5, 3, 4, 3, 3, 5, 3, 5, 9, 12, 15, 16, 15, 13, 16, 17, 13, 18, 18, 16, 15, 19, 17, 10, 8, 8, 9, 8, 8, 6, 10, 10, 11, 7, 9, 13, 13, 9, 14, 15]
1439101078,[18]
0385501129,[19, 18, 15, 17]
0312547749,[11]
0312591829,[16]
1250010071,[2, 7, 11, 20]
0525950575,[16]
0345471016,[19]
0425247546,[1, 13]
0446539864,[2, 2, 2, 4, 7, 11, 12]
1594204233,[6, 14]
1476710767,[5, 10, 18, 15]
0061374229,[14, 9, 6, 5, 4, 2, 2, 4, 6, 7, 8, 6, 9, 9, 1, 1, 2, 2, 3, 5, 6, 9, 11, 10, 7, 4, 4, 4, 4, 6, 5, 5, 3, 3, 6, 7, 8, 13, 16, 20]
1416571663,[20]
0399159029,[17]
0399155945,[4, 10, 16, 20]
0062325345,[3, 7, 9, 9, 10, 12, 10]
0765327724,[1, 4, 10, 17]
0804178747,[1, 1, 2, 2, 4, 6, 8, 12, 15, 15]
0451228574,[2, 9, 14, 16, 17]
1451694148,[14, 11, 11, 11, 12, 18, 15, 16]
147674923X,[12]
0399171231,[14]
1439138311,[17, 20]
1400043530,[13]
0345531035,[14, 15, 20]
0399160760,[4, 9, 9, 17]
0345509188,[7, 14]
039915809X,[15]
1594747156,[12, 16, 18, 18, 20]
0316201642,[8, 10, 11, 9, 7, 11, 12, 14, 15, 20, 16]
1439170312,[11]
0525953507,[2, 3, 3, 5, 8, 11, 17, 19]
1594631573,[18, 19, 15, 14, 10, 10, 14, 17, 19]
0312611617,[10]
0316407038,[3, 4, 5, 9, 15, 19]
034552554X,[19, 13, 17]
0441017835,[2, 6, 12, 15, 19]
0399162380,[2, 3, 5, 8, 15, 17]
0312667574,[14]
080211928X,[7, 10, 10, 7, 13, 19, 16, 9, 15, 15, 18, 19]
0399156801,[4, 9, 11, 15]
0375504338,[19, 18, 20]
0786955007,[13, 19]
0385532725,[11]
0061138061,[2, 9, 19, 19]
0385343663,[13, 8, 14, 14]
0525953884,[16]
1594203970,[8, 14, 19]
0805087745,[11]
0399170847,[10, 19]
1414334095,[12, 19]
0345522869,[19]
1250048230,[18, 19]
0062343262,[11]
0345544854,[17]
0399155341,[16, 14, 17, 15, 19, 14, 13, 11, 12, 18, 11, 11, 15, 16, 15, 12, 9, 8, 5, 5, 4, 3, 3, 4, 3, 5, 3, 3, 4, 5, 3, 4, 5, 7, 7, 4, 5, 8, 5, 5, 4, 4, 2, 1, 1, 1, 1, 2, 2, 1, 2, 2, 2, 1, 2, 2, 2, 2, 2, 3, 4, 6, 4, 4, 4, 4, 6, 6, 5, 5, 4, 3, 4, 3, 3, 3, 4, 6, 5, 5, 7, 10, 10, 10, 12, 12, 12, 14, 11, 12, 12, 10, 10, 8, 11, 5, 6, 8, 5, 3, 4, 4, 8, 12, 14, 12, 18, 18, 16, 11, 4, 8, 9, 13]
0451474627,[20]
1416550402,[8, 5, 11, 18]
1101990260,[12, 11, 9, 12, 15, 16]
0312364105,[5, 6, 10, 16, 17, 19]
1416563083,[2, 8, 11, 15]
1594204993,[20, 14, 19, 18, 19, 9, 8, 19, 15, 16]
1414319703,[7, 10, 11, 16]
0425255808,[7, 17]
0446557788,[1, 2, 4, 4, 7, 9, 16]
0553808036,[9, 13, 12, 14, 18]
1455525588,[20]
0670026468,[6, 16, 20]
0385532458,[1, 3, 4, 6, 7, 9, 7, 6, 13, 16]
1250029570,[20]
1439170282,[17]
0446579823,[16]
1402785925,[9, 8, 15, 15]
0385351852,[3, 5, 8, 14, 13, 19]
0670023485,[1, 4, 8, 9, 14, 11, 13, 15]
0385342322,[9]
031238078X,[7, 8, 10, 15]
0062429051,[12, 17]
0062049607,[4, 13]
1594488584,[12, 20]
1439150036,[9, 14]
0061784788,[3, 6, 12, 15]
1439138656,[14, 18]
0812993144,[12]
1439148503,[1, 2, 4, 4, 4, 3, 3, 10, 10, 20, 20, 20, 20, 20]
0440338789,[3, 12, 18]
0425268330,[6, 18]
0399157697,[1, 5, 7, 10, 13]
0061876895,[16]
0446195979,[7, 9, 12, 20]
0399160477,[1, 3, 4, 4, 5, 11, 9, 10, 9, 19, 19]
0399165134,[13, 16]
0399157026,[9]
0385353774,[5, 13, 20]
0312591845,[8]
0812992970,[6, 10, 17, 17, 20]
031265121X,[5, 18]
0786949163,[19]
1476790221,[7, 12]
0743437209,[7, 11]
1400064759,[3, 4, 9, 12, 15, 19]
0316037915,[1, 1, 1, 1, 5, 7, 12, 11]
0553807218,[10]
1439102724,[2, 2, 2, 4, 7, 11, 9, 13, 14, 17, 19]
0061804193,[16]
0345533488,[2, 4, 10, 9, 10, 18, 17, 15, 16, 14, 15, 16, 14]
1400066409,[11, 13, 16]
0399157387,[2, 3, 4, 4, 8, 12, 20]
1439128243,[6, 10, 15]
1455521310,[2, 5, 9, 10, 10, 11, 9, 16]
044657788X,[2, 2, 6, 11, 16, 17]
0307265749,[3, 5, 10, 12, 12, 20, 17, 20, 18]
0786952334,[11, 17, 19]
0345505735,[4, 5, 9, 17]
0399160450,[1, 3, 3, 5, 5, 14, 16, 16]
0525954619,[14]
0446539813,[9, 14, 14, 19]
0316166308,[1, 3, 4, 6, 11, 15]
0345506898,[5, 14]
1617732168,[7, 18]
0399156453,[17]
0061702560,[11, 18]
0399156267,[6, 14, 15]
0765326361,[1, 5, 8, 10, 14, 16, 20]
0670022047,[4, 6, 11, 13, 14, 15]
0446533424,[1, 4, 6, 8, 12, 15, 14, 13, 13, 16, 19]
0345531485,[14]
0425242099,[9]
0525951059,[1, 3, 4, 9, 13]
1250036135,[13]
0778315339,[19, 16]
0062200577,[5, 14, 14, 18, 18, 20]
0399155708,[15]
0525427996,[12]
0670019917,[19]
0399158448,[9, 17]
1414368186,[18, 12]
1439134324,[18]
044101769X,[7]
0399158081,[2, 9, 12, 16]
0399165894,[11]
0312380755,[4, 8, 12]
1459215153,[7, 17]
0385534795,[7, 13, 15]
0307270777,[3, 11, 14, 15, 14, 15]
0345509625,[13, 20]
0345528840,[4, 12, 13, 17]
0399156011,[5, 10, 18]
0316405345,[1, 1, 4, 5, 8, 11, 12, 17]
0399157220,[18, 15, 15, 14, 17, 20]
0307265730,[12, 17, 18, 20, 19]
006232540X,[3, 7, 13]
0312642695,[5, 14, 14, 16, 19]
140006788X,[6, 9, 14]
1400067111,[4, 4, 7, 8, 9, 6, 12, 13, 15, 14, 17]
0553807072,[14]
0061957895,[2, 8, 15]
1416525677,[4, 8, 12, 12]
0758280408,[13]
0062270486,[10]
0553807145,[1, 4, 7, 11]
0553804332,[12, 14, 20]
1594489505,[18]
0399158839,[17]
1250022088,[3, 10, 14, 20, 19]
0061351520,[6, 12, 17, 20]
0312567472,[13, 16]
039916250X,[4, 6, 10, 20]
0061692042,[8, 12, 16, 6, 5, 9, 12]
0399159746,[10, 14, 17]
0399156380,[20]
1400066026,[16, 17, 19]
0399175954,[1, 6, 8, 10]
0062291408,[17, 15]
0804138567,[20]
193700788X,[1, 2, 3, 6, 15, 20]
0345527410,[8, 12]
0765329042,[14]
0399174672,[11, 19]
0765335999,[5, 14]
0399156127,[8, 11, 13, 16]
0385526342,[3, 6, 8, 10, 16, 19]
1476736332,[19]
0765315017,[18]
0385343183,[5, 6, 12, 7, 17]
0345528506,[4, 11, 16]
0451462289,[19, 19]
1455581127,[5, 7, 10, 18]
1451649916,[16]
0061257052,[9, 10, 13, 20]
0061990019,[16]
0525429476,[20]
0062136585,[10, 17]
1451647050,[11]
0316097497,[1, 2, 2, 2, 6, 10, 12, 13, 19, 20]
0385538030,[5, 16]
0316349933,[3, 6, 6, 10]
0307599469,[20, 16, 18]
1594489580,[19]
045146379X,[1, 5, 6, 6, 9, 17]
0345495144,[1, 5, 10, 15]
1250019982,[5, 20]
0385524943,[14, 16, 13]
0316018600,[19, 18]
0399157859,[12]
1451628188,[4, 12, 15, 15]
038553521X,[14, 15]
0345543793,[18]
0399156240,[1, 3, 10, 17]
0399156747,[9, 19]
0375409289,[10, 11, 10, 20]
1416566384,[9, 12, 20]
030726579X,[3, 7, 8, 8, 8, 11, 18]
0061138037,[3, 7, 15]
039917088X,[3, 10, 17]
0374172072,[16]
0765312948,[11, 18, 18]
0385521383,[14]
0061239240,[12]
0399157700,[2, 5, 10, 14, 20]
0345509080,[4, 11, 18, 19]
006146841X,[20]
0061161705,[13]
0307717097,[18]
1400069483,[2, 4, 5, 6, 12, 15]
0399155279,[2, 4, 6, 7, 13, 20]
0399156429,[4, 5, 6, 10, 14]
0553392921,[14]
1455501476,[2, 5, 6, 8, 18]
1250020085,[16]
0385349831,[2, 6, 15]
067002645X,[16]
044101819X,[1, 6, 11, 18]
1476727651,[1, 1, 2, 1, 3, 5, 7, 6, 7, 6, 4, 5, 5, 3, 6, 13, 15, 14, 13, 14, 13, 20]
1439172773,[17]
0399156259,[3, 3, 4, 7, 15, 18]
0399155686,[1, 2, 8, 10, 17]
044654759X,[1, 2, 4, 5, 5, 6, 8, 11, 13, 13, 11, 10, 11, 11, 11, 19, 20]
0312343558,[19]
0425258742,[13]
0451463781,[14]
0399155716,[11, 16]
143917282X,[11]
0399158685,[12, 13, 17]
0399155058,[15]
1937007448,[1, 2, 3, 3, 5, 10, 18, 19, 19, 20]
1451638698,[11]
0446510300,[20]
0425256227,[13]
0399156917,[10, 16]
0061468436,[18]
0399159738,[8, 13, 19]
0316079928,[5]
0345515633,[3, 7, 15]
1451645759,[16]
038541305X,[1, 1, 2, 3, 2, 5, 6, 8, 14, 18, 20]
031621082X,[1, 3, 4, 4, 8, 14, 19]
0399155406,[7, 10, 15]
1476745005,[10, 18]
006123088X,[11, 13, 20]
1451626118,[8, 19]
0385517882,[5, 10, 10, 18, 17]
0399170871,[3, 6, 10]
0316099759,[5, 10, 12, 14]
0385343191,[3, 6, 7, 12, 15, 19]
1476703221,[19]
0061782424,[18]
0312591063,[13, 16]
0758258577,[15, 20]
0399155910,[9, 17, 20]
0399164154,[4, 8, 12, 15]
0812989058,[16]
0805087729,[9, 13, 18, 18]
0316038393,[5, 6, 8, 9, 11, 10, 7, 8, 13, 9, 12, 9, 9, 18, 19]
006211946X,[7, 7, 9, 11, 16, 20]
1627792104,[15]
0385341679,[1, 6, 8, 16]
0061558230,[9, 17]
145164020X,[5, 8, 13, 14]
0060548924,[4, 7, 10, 15, 18, 18]
0743270428,[1, 2, 5, 7, 12, 16, 16, 17, 18, 17]
0312546564,[3, 8, 16]
1599951959,[10, 20]
0316069418,[1, 7, 9, 11, 12, 13]
0385518366,[8, 16]
0399157077,[2, 5, 8, 11, 14, 17]
1250029910,[13]
1439153957,[18]
0061138010,[3, 9, 12, 12, 20]
076533206X,[18]
1416586598,[6, 8, 13, 13]
0765316994,[15]
0446554987,[1, 5, 5, 5, 12, 20]
1451628587,[10, 18]
0451464761,[13]
0316097543,[1, 1, 3, 7, 11, 17, 19]
0061230901,[10, 19, 20]
0385344422,[10]
0312593309,[12, 15, 19]
1455547387,[17, 16]
1439192987,[4, 5, 9, 8, 8, 12, 19]
1620401398,[7, 10, 13]
0345527380,[7, 11, 18]
0399166300,[11]
0804137250,[4, 6, 9, 18, 19]
0525952276,[1, 4, 7, 8, 13]
039915678X,[15]
0399157476,[20]
0525951652,[1, 2, 2, 5, 7, 8, 10, 10, 9, 7, 9, 8, 10, 15, 19, 19, 18, 17]
0061713783,[14]
0316166294,[1, 2, 3, 8, 12, 14, 17, 19]
0345535820,[18]
1439102740,[1, 2, 1, 2, 6, 12, 14, 20]
0385341970,[14]
1414318634,[12, 20]
0399157514,[6, 14, 18]
0425263193,[15]
1439133948,[20]
1250019834,[4, 7, 12, 20]
0765327740,[4, 19]
0778312690,[2, 8, 10, 15, 17, 19, 18]
0385526350,[10, 18, 20]
031621115X,[3, 5, 8, 10, 11, 15, 20]
1401340903,[2, 5, 8, 10, 15, 17, 20]
0446550000,[13, 9, 10, 8, 13, 19]
0385531389,[4, 9, 10, 15]
0812993845,[6, 15]
0765325950,[1, 1, 2, 3, 3, 5, 4, 7, 13, 12, 16, 15, 20]
0670014893,[6, 6, 9, 13]
0758258585,[18]
1476717095,[2, 6, 9, 8, 13, 20]
0345511441,[17]
0399164146,[8, 19]
1439164630,[17, 19, 20, 19]
0307960471,[9, 12, 20]
0739328460,[1, 2, 6, 9, 10]
1616203048,[15]
0061246263,[5, 16, 20]
0312546343,[11]
0316126691,[6, 9, 9, 14, 15, 16, 15, 11, 14]
1416537325,[10, 16]
0778327809,[5, 8, 11, 16]
1476793743,[15]
0307594165,[9, 10, 12, 14, 20]
0446580295,[2, 5, 7, 13, 18]
1455525898,[5, 13, 10, 15]
0786965754,[17]
0399156496,[2, 5, 8, 9, 16]
0778326896,[18]
0525950974,[9, 14]
0525954600,[12]
0312368089,[10, 15]
1594204772,[20, 19]
0385342047,[5, 15, 20]
0547577532,[10, 18]
0425281647,[19]
0385531540,[18]
0446577898,[1, 4, 3, 4, 7, 7, 18]
1250055806,[9]
0316225886,[2, 3, 6, 9, 12, 14, 16, 16, 17, 18]
0553807099,[19]
0446564370,[3, 12, 19]
0061784818,[3, 9, 10, 20]
1101874082,[2, 6, 15, 19, 15, 17]
0312547730,[18]
0399155228,[2, 8, 15]
006229766X,[15]
0446554960,[3, 8, 11, 16, 20]
0061706558,[16, 11, 15]
0525952861,[2, 12, 20]
0399167455,[1, 6, 11, 12, 17]
0765302306,[1, 4, 6, 9, 12, 14, 15, 17, 14, 18]
0316376116,[11, 15, 17]
0062009621,[18]
1476717125,[1, 3, 6, 8, 13]
0525953876,[12]
0061957933,[1, 11]
0061990612,[12]
1455525839,[4, 11, 15]
0399158863,[4, 8, 9, 20]
0312368127,[11, 19]
0374158460,[1, 1, 2, 1, 3, 3, 6, 10, 9, 6, 5, 6, 10]
0399159088,[5, 17]
1400063973,[12, 17]
0399165150,[11, 20]
1401324444,[8, 16, 20]
0425230155,[9]
0385343167,[4, 9, 13, 20]
1455536342,[7, 10, 14]
0061348139,[5, 8, 15]
1416563687,[2, 5, 6, 7, 7, 17, 20]
0778314936,[12]
1439156417,[13, 18]
0399156909,[4, 9, 11, 13]
0312368038,[17]
1250050936,[13]
0312546610,[8]
0316224588,[9, 19]
0778329836,[4, 10, 17, 16, 19]
0307393860,[19, 20]
0446554995,[8, 18, 16, 14]
006232005X,[2, 1, 2, 6, 6, 8, 17]
0316199869,[2, 5, 8, 10, 10, 19]
0307593916,[14, 19]
0307273563,[4, 7, 9, 17]
0385524285,[8, 11, 15]
0553807137,[6, 10, 13, 12, 12, 20]
1439172560,[6, 11, 15]
0345486544,[9, 14]
0670023655,[6, 11, 16, 17, 18]
0062132520,[3, 9, 9, 11, 13]
159995334X,[9]
0385534930,[20]
0425252884,[18]
0312583206,[7, 16]
0385340273,[5, 10, 19, 20]
0385342020,[4, 6, 12, 18]
0553801473,[1, 1, 2, 2, 1, 2, 2, 3, 4, 7, 8, 8, 9, 7, 12, 13, 15, 14, 17, 14, 12, 14, 14, 15, 15, 14, 16, 17, 12, 11, 13, 13, 13, 13, 13, 8, 11, 11, 13, 10, 14, 11, 11, 18, 13, 11, 9, 9, 12, 6, 8, 7, 8, 8, 10, 10, 12, 6, 5, 6, 5, 12, 13, 14, 17, 16, 17, 18, 19, 20, 20, 19, 19, 17, 19, 17, 20, 18, 13, 16, 13, 10, 11, 12, 14, 12, 14, 14, 19, 11, 11, 12, 11, 11, 16, 16, 15, 14, 17, 13, 13, 12, 10, 13, 16, 17]
0345507002,[14, 19]
039915986X,[5, 13, 14]
0345545311,[7, 16]
0316098868,[20]
0812993861,[11]
0316018740,[2, 2, 2, 5, 4, 5, 5, 7, 12, 17]
0385344333,[1, 2, 4, 6, 7, 12, 17, 19, 20]
0446564478,[12, 17, 20]
0345511255,[17]
0061733148,[13, 14, 16, 18]
0399157433,[4, 9, 13]
1250010098,[2, 5, 11, 9]
1476709157,[16]
1476724024,[16]
0345523474,[3, 19]
1400065453,[14, 11, 16, 16, 18]
1416586288,[7, 7, 9, 12, 16, 16, 15, 19, 18, 16, 11, 15, 17, 18, 16, 18]
0307377040,[18]
0446527955,[13]
1439140219,[12]
0399159509,[6, 15]
147674906X,[2, 1, 3, 7, 7, 14]
0425265005,[16]
0553907049,[12]
1455521213,[1, 2, 4, 5, 5, 5, 8, 9, 14, 20]
0451464397,[1, 2, 8, 13, 18]
0399157379,[6, 17]
0312368119,[8, 18]
0316074314,[14, 13, 15, 19, 19, 18, 15, 16]
0307272583,[2, 4, 4, 5, 6, 10, 14]
0385344414,[5, 20]
0385340567,[1, 2, 6, 11, 15]
0399156208,[9, 12, 19]
0525952365,[17]
0345527712,[1, 3, 6, 8, 8, 10, 12, 17, 19, 20, 20]
0345497929,[11, 18]
0451462564,[1, 3, 10, 17, 20]
0345511387,[13]
1250049377,[10]
0385340303,[3, 5, 7, 16, 19, 20]
1455504769,[18]
0345504984,[2, 11, 12, 17]
0399161481,[3, 6, 7, 7, 13, 17]
0062206281,[9, 20]
0758227175,[16]
1476704643,[11, 19, 17, 12, 19]
0399159207,[15]
1439136610,[9, 13, 17]
0425255700,[5, 15]
0312652917,[3, 6, 11, 17, 20]
0307962520,[3, 3, 6, 10, 7, 11, 11, 13, 11, 18]
1455501557,[5, 7, 13, 10]
0399157867,[3, 5, 7, 9, 10, 9, 19]
0399157328,[4, 6, 12, 14]
052595192X,[8, 10, 13, 17]
0312611609,[19]
0451239350,[1, 7, 20, 19]
1250065933,[6, 11, 14, 17]
0765378574,[6, 13]
1427206039,[13, 13, 16, 19]
0399156542,[20]
1451649940,[19]
1476746826,[18]
054705484X,[10, 14, 19]
0399157352,[10, 20]
0312323573,[12, 14, 16, 19]
0345521277,[12]
0345526546,[6, 12, 19]
0385524064,[3, 11, 19, 19]
0446572470,[13]
0062279386,[11, 18, 20]
0312614578,[9, 16]
0670022314,[8, 15, 18]
031258752X,[10, 15]
0399155961,[5]
0345543041,[5, 9, 14, 16]
0316097403,[1, 2, 1, 2, 2, 4, 8, 14]
0441020038,[4, 11]
030726999X,[1, 1, 1, 2, 2, 3, 2, 1, 2, 1, 1, 1, 2, 1, 2, 2, 4, 3, 6, 4, 3, 4, 4, 4, 5, 6, 5, 5, 5, 3, 4, 3, 1, 3, 3, 2, 2, 3, 3, 6, 8, 4, 4, 8, 8, 12, 6, 10, 9, 11, 9, 10, 8, 7, 10, 13, 12, 11, 8, 13, 13, 11, 12, 15, 10, 7, 8, 11, 13, 15, 17, 10, 9, 7, 7, 5, 4, 7, 9, 11]
1476727392,[18]
0061629863,[14]
0399169164,[4, 10, 17]
0399155988,[3, 9, 8, 15]
039915681X,[11, 16]
0743290119,[6, 6, 6, 4, 8, 13, 12, 10, 10, 10, 11, 18]
0062060554,[18, 20, 7, 16, 17]
044654695X,[1, 3, 4, 5, 6, 8, 12, 15, 12, 19]
0345546881,[1, 4, 7, 6, 8, 14, 18]
0441017150,[1, 3, 4, 6, 7, 12, 13, 14, 13, 16, 12, 11, 11, 10, 13, 12, 10, 12, 10, 8, 12, 13, 15, 19, 19, 19, 16, 20]
006199104X,[8, 17]
039915566X,[6, 9, 15, 17]
0778326438,[4, 7, 12, 18]
0061989991,[18]
0307595854,[12, 17]
0812993152,[13]
0399169520,[18, 19]
0399155678,[1, 2, 3, 10, 14]
034550691X,[5, 19]
1594746370,[12, 10, 15, 16, 16, 15, 11, 15, 18, 20]
0312380828,[4, 8, 13, 18]
1400065941,[6, 10, 13, 14, 16, 20]
0307594173,[5, 5, 9, 11, 14, 14, 18]
0399156437,[3, 5, 8, 12, 19]
0312655460,[2, 10, 19]
0061348155,[7]
0553805134,[19]
1620408937,[11]
034551064X,[10]
0307271862,[6, 7, 12]
0547273428,[10, 19]
0670021555,[18]
0345539818,[6, 20]
0316018724,[1, 1, 3, 3, 3, 2, 4, 6, 7, 9, 13, 18, 20]
1400068649,[20]
0345532740,[16]
0374203059,[2, 4, 6, 10, 12, 13, 15, 13, 19, 16, 16, 17, 20]
0385344031,[8]
0425271447,[12]
0765322722,[15]
0802121012,[7, 18]
0670021474,[7, 6, 10, 15]
0765323974,[17]
0525953078,[4, 8, 10, 12, 20]
0061143448,[15, 17]
0679456805,[15, 16, 19]
031609966X,[6, 7, 10, 16]
0061230944,[7, 12, 16, 19]
0312605862,[18]
0061779725,[5, 9, 19]
0316065781,[4, 7, 6, 9, 14, 16]
0399172920,[4, 7, 11, 17, 17]
1594633118,[12, 7, 9, 13, 16]
0670015679,[1, 10]
0062311077,[2, 6, 5, 8, 9, 18, 16]
0525950583,[20]
1439170258,[8, 17]
0345539842,[1, 11, 19]
030727103X,[3, 5, 6, 7, 9, 16, 17]
0307264238,[5, 7, 15, 13, 10, 9, 11, 14, 13, 15, 15]
1455501514,[7, 11]
0345503821,[19]
030790735X,[19]
031632468X,[15, 15, 14]
0399159878,[4, 8, 16]
0399161570,[10, 19]
0345484177,[5, 14, 20]
1476710457,[19]
0061257095,[5, 5, 10, 9, 10, 15, 19, 19, 20]
0316211079,[2, 2, 3, 4, 10, 13]
0399157050,[10, 16, 20]
0399171940,[9]
0385539258,[19, 19]
0451234383,[14, 20]
0312651201,[7, 13]
0385343213,[3, 4, 11, 10, 15, 9, 20]
0345516109,[14]
0399155155,[4, 8, 14, 19]
0345509064,[3, 11, 15]
145162803X,[6, 11, 16]
006196963X,[17]
1451668864,[1, 3, 6, 7, 8, 13]
0525952039,[7, 17]
0446562424,[3, 4, 5, 6, 10, 10, 12, 17, 20]
1594204780,[5, 17, 20, 19, 16]
0805087737,[14, 18, 20]
0345501551,[6, 19]
1439184305,[1, 3, 4, 6, 9, 9, 10, 16, 17, 20]
1455576425,[2, 4, 6, 12, 13, 18]
0446564508,[15, 18, 20]
0525951776,[17]
0345528875,[9, 13, 13]
0385344317,[1, 2, 7, 12, 15, 19]
0385340281,[8, 14, 18]
0399157557,[4, 9, 16]
0062069888,[20]
0316225932,[2, 4, 5, 5, 7, 8, 8, 9, 13]
0061941026,[4, 9, 11, 13, 15, 18]
0553807250,[5, 10, 19]
030791156X,[7]
0786965118,[19, 16]
0316036277,[1, 2, 5, 7, 10, 12, 13]
0345505751,[3, 8, 11, 16]
0385351399,[7, 10, 11, 15, 19, 18]
1416563105,[2, 6, 7, 13, 18, 19]
0765330539,[14, 18]
0062351427,[4, 12, 19]
0385536070,[1, 3, 3, 4, 7, 5, 4, 4, 3, 1, 3, 7, 9, 13, 13, 17]
0765323966,[16]
0061859303,[7, 14]
0061432717,[16]
0061231428,[9, 13]
0062220500,[16]
0062107313,[4, 7, 8, 12, 13, 15, 16, 14, 19]
0312365748,[15]
0399157360,[3, 12, 12, 17]
0425227723,[1, 6, 11, 18]
045123801X,[10]
0758225652,[19]
1451638450,[16]
1594488878,[11, 19]
0061655953,[20]
0385538499,[17, 20]
0399176764,[3, 7, 10, 11, 11, 16]
0061160873,[11, 15]
0316032220,[14, 13]
0385515510,[9, 11, 14, 13]
1476767319,[16]
0345548515,[17]
0061351504,[5, 11, 16]
1455520616,[1, 2, 2, 4, 5, 5, 6, 6, 3, 3, 5, 4, 6, 8, 11, 12, 15, 12, 18, 17]
1451645678,[12]
031609983X,[4, 8, 14]
0062011847,[3, 17]
0345501535,[7]
0425227731,[14]
0758225644,[11]
0553807056,[1, 3, 7, 8, 12, 14, 20]
0062290398,[18]
0345499026,[1, 9, 12, 14, 17]
1250034515,[3, 10, 12, 14, 17]
006227645X,[6]
1250019990,[13]
0345528891,[6, 20, 20, 19, 20]
039915521X,[8, 12, 18]
0062248391,[20]
0307593495,[6]
1401301614,[5, 3, 5, 6, 11, 14, 20]
0061930210,[15]
0441020372,[15]
0312651325,[6, 15]
0399157085,[6, 9, 19]
0385524927,[14, 19]
0441019730,[3, 9, 13]
031640702X,[1, 3, 5, 7, 8, 11, 15, 20]
1101947411,[12, 15, 17]
1400065933,[6, 9, 16, 19, 19, 19, 19]
1416570861,[2, 1, 4, 6, 6, 11, 15]
0399157883,[14]
0756404738,[1, 3, 5, 16, 17, 18, 20]
1476746583,[10, 15, 9, 6, 14, 10, 11, 8, 9, 12, 14, 12, 9, 9, 8, 7, 8, 11, 12, 10, 5, 5, 7, 7, 8, 11, 8, 8, 8, 6, 6, 2, 4, 2, 1, 1, 1, 2, 2, 2, 2, 2, 2, 2, 2, 2, 3, 4, 2, 3, 3, 4, 3, 2, 2, 3, 3, 3, 2, 2, 3, 2, 3, 3, 3, 4, 3, 3, 5, 7, 7, 5, 5, 8, 4, 6, 8, 8, 9, 8, 11, 8, 8, 5, 2, 3, 1, 3, 4, 3, 4, 3, 5, 2, 1, 2, 3, 3, 5]
1439187312,[4, 10, 14, 20]
0802119794,[20]
1595542884,[20]
1451628005,[5, 11, 14, 16, 20]
0312655452,[4, 15, 20]
0307272591,[3, 4, 5, 6, 8, 12, 11, 11, 17, 16]
0316206822,[1, 4, 5, 6, 5, 6, 9]
0525953493,[1, 2, 4, 6, 8, 10, 13]
0345531051,[1, 2, 8, 9, 16, 18]
0316020729,[18, 18]
1476734615,[20]
0553391135,[2, 10]
0399165142,[6, 17]
0786958421,[4, 14]
0399155783,[3, 7, 13, 15, 20]
0399156763,[4, 7, 11, 14]
0312369727,[19]
0399159304,[1, 5, 7, 14, 18]
0399155392,[2, 2, 6, 6, 12, 18]
0399155694,[7, 17, 18]
0446573108,[1, 1, 3, 4, 5, 6, 6, 11, 16]
1250034485,[3, 6, 7, 10, 11, 13]
0345506936,[8]
0345530977,[7, 11, 18]
1250028655,[10, 10, 18, 16, 18]
0399159843,[6, 13, 18]
031261456X,[12]
0553804693,[17]
0425256766,[2, 11, 20]
0670022411,[2, 2, 4, 6, 6, 8, 15, 15]
0375424504,[3, 7, 11, 15, 17, 19]
0446547565,[1, 2, 3, 4, 5, 5, 10, 11, 14, 13, 12, 10, 12, 10, 8, 8, 8, 6, 5, 6, 8, 15, 18, 18]
1416550771,[16]
0446579939,[1, 1, 2, 3, 4, 6, 9, 11, 9, 12, 8, 7, 7, 10, 16, 16, 17]
0062015680,[16]
0553807234,[9, 16, 19]
0307266109,[15]
0525954546,[5, 12, 13, 16]
0385537131,[1, 1, 1, 2, 3, 2, 2, 1, 1, 1, 2, 5, 5, 4, 5, 5, 7, 9, 10, 10, 13, 18, 18, 17, 11, 17, 19]
1616203218,[15, 16, 15]
0312616252,[18]
0399156844,[13, 20]
0425223434,[1, 5, 13]
0345541405,[6, 10, 15, 19, 17]
0756405246,[20]
1400065755,[3, 3, 5, 6, 8, 9, 11, 20, 19, 19]
1594633665,[2, 1, 1, 1, 1, 1, 1, 1, 1, 1, 1, 1, 1, 1, 2, 3, 2, 1, 1, 2, 2, 1, 1, 1, 2, 1, 2, 2, 2, 2, 2, 2, 4, 6, 4, 6, 6, 9, 10, 9, 12, 15, 11, 11, 13, 11, 10, 8, 6, 4, 2, 2, 3, 4, 5, 5, 6, 3, 3, 3, 4, 6, 6]
1400067693,[1, 2, 3, 4, 7, 8, 8, 7, 13, 18, 13]
0385532377,[14]
0399156275,[9, 14]
006085202X,[20]
0802120237,[10, 19]
0441020313,[1, 1, 1, 1, 2, 4, 10, 13, 14, 15, 17]
0345534182,[4, 5, 6, 6, 11, 16, 18, 15]
0312354630,[12, 18]
0345495969,[6, 18, 19]
0062073125,[1, 5, 6, 10, 9, 10, 20]
0061160881,[4, 8, 15, 14, 18]
0307962334,[12, 15]
0446583855,[13, 16, 20]
0553807730,[3, 7, 15]
1451687508,[14]
0553807226,[11]
0739328248,[4, 5, 9, 9, 18]
0312583729,[16, 14, 14, 19]
0812997530,[16]
0399156135,[2, 5, 5, 12, 19]
0345523504,[7, 15]
0062049801,[3, 3, 4, 3, 5, 6, 8, 8, 9, 14, 12, 12, 14, 18, 15, 16, 17]
1401310400,[11, 6, 17, 15, 11, 14, 16, 17, 20]
1250077176,[20]
0385337515,[8, 12, 19]
0812995228,[20]
0312593317,[14, 20]
0312348673,[3, 4, 4, 5, 5, 10, 11, 10, 13, 15, 14, 13, 15, 18]
031609739X,[2, 5, 7, 5, 9, 10, 16, 20]
0743276744,[7, 10, 18]
1439107971,[15]
0345516770,[15]
0446547654,[1, 1, 3, 3, 4, 6, 7, 6, 8, 6, 6, 7, 9, 14, 14, 15, 14, 17, 20]
0425222195,[1, 5, 12, 16]
1455517151,[13]
034551128X,[4, 13, 17, 18]
0399159096,[10]
0451463153,[16]
0060548959,[18, 17, 20]
0061128899,[17]
0385354193,[9, 14, 20]
1439172803,[3, 11]
0385535309,[4, 10, 13, 13, 16, 16]
044658083X,[2, 3, 5, 8, 9, 12, 10, 15, 18, 20]
0812993292,[17]
1401323138,[13]
0345530942,[4, 7, 11, 16, 18]
0441018645,[1, 1, 3, 2, 5, 6, 13, 10, 13, 14, 17, 18, 17, 17, 19, 19, 17, 20]
1416563814,[6, 16, 15]
0373776144,[19]
0061929379,[2, 6, 7, 6, 5, 12, 12, 17, 19]
1770411216,[18]
0060852577,[5, 5, 8, 13, 10, 11, 10, 11]
0758234937,[7]
0316212245,[19]
0312554192,[2, 3, 3, 3, 6, 8, 14]
0399156755,[19]
0399157212,[1, 4, 7, 7, 7, 11, 16]
039915714X,[4, 6, 8, 14, 14, 14, 20]
076533271X,[17]
0061236217,[16]
0399159126,[2, 4, 5, 10, 11, 18]
0399170898,[1, 2, 5, 9, 16]
0399164766,[8, 18]
1451608128,[15]
0399167307,[5, 9, 11, 16]
0399155260,[16]
0805082166,[9]
0765376709,[14]
0399157441,[1, 4, 8, 8, 15, 18]
0062271601,[12]
0812997174,[20]
0374280592,[20]
0446575968,[18]
0374239215,[2, 6, 11, 9, 14, 20]
0399174680,[5, 9, 13, 14]
140006712X,[1, 6, 15, 17, 19]
0670025593,[1, 2, 4, 7, 7, 11, 11]
0399156577,[1, 3, 6, 7, 9, 11]
0553807064,[17]
0525954570,[4, 7, 12, 10, 16]
0312380720,[2, 7, 10, 16]
0385344406,[9]
0345495934,[3, 10, 19]
0670024783,[1, 1, 2, 1, 2, 4, 4, 6, 4, 7, 5, 5, 6, 7, 6, 8, 6, 9, 12, 11, 11, 20, 20, 15, 15, 18, 16, 17, 18, 20, 20, 19, 13, 20, 20, 15, 16, 18, 19]
0307393879,[13, 14, 18]
0061231401,[2, 5, 7, 7, 13, 17]
0062067753,[13]
076538308X,[16]
0345549198,[11, 16, 14]
0345505514,[4, 5, 5, 9, 11]
0743281640,[7, 11, 16, 20]
081299891X,[9, 18, 14]
0345545877,[3, 3, 5, 8, 13, 17]
0316098124,[20]
0062132563,[6, 11, 16, 19]
0312600844,[15, 17, 19, 18, 14, 7, 10, 13, 14]
0385528078,[16, 19]
0062270516,[11, 16, 19]
1439156336,[7, 12]
0670024856,[4, 9, 11, 13, 15, 20, 19, 18]
0451464400,[1, 12, 20, 18, 20]
039917351X,[7, 15]
0399163832,[4, 10, 20]
0062105620,[15, 19]
0316018767,[1, 2, 4, 3, 5, 8, 11, 16, 17]
0399171754,[5, 9, 9, 14, 16]
0345530888,[1, 6, 12, 11, 20]
0670021601,[8, 19]
0061727679,[6]
0451462904,[13]
0399157840,[5, 11, 16]
0385343132,[8, 12, 17]
1451628684,[12]
0307907333,[16]
0765325942,[1, 4, 7, 7, 11, 15, 16, 16, 16, 20, 20, 20, 19, 19]
0345484142,[2, 7, 10, 16]
0345546830,[12]
0670026328,[4, 7, 8, 9, 13, 16]
0553807994,[9]
1439150001,[12]
0765321874,[16]
0385354282,[1, 2, 2, 3, 2, 5, 7, 9, 14, 16, 17, 19, 18, 18, 15, 14, 15, 17]
0385344430,[1, 3, 5, 7, 9, 13, 13, 15, 18, 14, 17, 16]
0670022128,[2, 6, 9, 11, 14, 17, 17, 17, 18, 18]
0399158499,[15, 17]
0399158316,[7]
0525952063,[1, 4, 9, 10, 17, 18]
1439136823,[9]
1401324134,[10, 11, 16, 19]
0062135252,[10, 17]
0062306812,[19]
0425241130,[1, 8, 18]
1416550747,[17]
0316036315,[4, 11, 12, 20]
1439191379,[5, 19]
159474713X,[12]
0385343205,[2, 7, 12, 17]
0312619766,[19]
0525952969,[2, 10, 18]
0061537934,[13, 14, 15, 13, 15, 17, 17, 17, 17, 19, 20]
0399157875,[8]
0399169113,[4, 15, 20]
0399167064,[1, 2, 4, 3, 4, 9, 15, 17, 13, 10, 11, 18, 17, 11, 12, 10, 9, 13, 20, 18]
1416549994,[8, 18]
0062231707,[13]
1476728208,[4, 14, 12, 15, 19]
0345530446,[14]
0399164448,[3, 5, 11, 19]
0758234910,[11]
1594488398,[11, 11, 12, 13, 20]
0345516532,[9, 10, 12]
141658661X,[3, 3, 3, 3, 6, 16]
141659888X,[20]
1451648138,[5, 9, 12, 17, 19]
0307908259,[20]
0345528670,[19, 15]
042525674X,[2, 10, 15]
0345536703,[20]
0385349580,[8, 9, 14]
0316211044,[1, 2, 4, 9, 13, 18]
0765321564,[5]
140006709X,[13, 16, 15, 19]
0307957233,[15, 12, 15]
0385535139,[1, 2, 2, 4, 4, 4, 3, 3, 2, 6, 8, 10, 10, 8, 10, 14]
0525952764,[2, 10, 16]
0399158138,[7]
1451620691,[5, 7, 10, 16]
0425247562,[16]
0451235843,[1, 9, 13]
0316069434,[2, 7, 9, 13, 10, 11]
0446580848,[1, 2, 4, 6, 9, 15, 18]
0385340850,[20]
0312351666,[9, 20]
0061961272,[4, 8, 8, 14, 18]
1439187037,[14]
0061961175,[9, 11, 17]
0399155937,[9]
052542914X,[19, 20, 19]
0525954457,[6]
1401324436,[1, 10, 19, 12, 19]
0385343140,[4, 5, 11, 11, 13]
0345526511,[4, 9, 19, 19]
1451626096,[10, 15, 19, 19]
0385344325,[1, 2, 4, 5, 8, 11, 15, 20]
039915597X,[1, 2, 5, 7, 11, 11, 12]
0374187614,[4, 6, 7, 12, 9, 12, 15, 19, 20, 18, 19]
1401324029,[7, 16, 18, 17, 19]
0385534817,[11, 16, 17, 19]
0345511328,[12, 13]
1414319355,[9, 16]
0544115899,[10]
0525954287,[13]
1416583297,[18]
052595130X,[7, 7, 10, 15, 17]
1501111671,[1, 2, 4, 5, 4, 4, 4, 6, 5, 8, 12, 19, 17, 19]
0765317680,[4, 7, 11, 13, 17]
0385350287,[20, 10, 10, 9, 6, 7, 8, 10, 14, 9, 14, 17]
0061926515,[11]
0786962232,[4, 16, 19]
0399165126,[10]
0670022179,[18]
0061578916,[4, 7, 10, 11, 20]
0553391690,[15, 17]
042527733X,[11]
0451240197,[16]
0758280378,[7]
141654383X,[1, 3, 5, 5, 8, 10, 17, 20]
0345505719,[2, 10, 7, 14]
1439172269,[1, 6, 6, 7, 12, 13, 18]
1439136637,[3, 8, 9, 13, 18]
0307957942,[15]
0446564443,[9, 12]
0385523211,[8, 13, 15]
141659518X,[1, 3, 3, 5, 8, 12, 14, 15, 16, 17, 17]
0345522028,[11]
0307911543,[6, 12, 15, 20]
0756408792,[17]
0553807722,[1, 2, 5, 10, 11, 13, 13, 12, 20]
0743292510,[4, 8, 9, 13]
045146365X,[5, 13, 19]
0425245535,[20]
0345530918,[1, 4, 6, 9]
0385523998,[15]
0374299102,[13, 13, 20, 19]
0062377183,[20]
0312577214,[3, 8, 15, 20]
0804197954,[19]
0399156194,[8, 8, 10, 10, 16, 19, 19, 20]
0399155295,[3, 5, 7, 8, 9, 11, 17, 19]
0765378558,[8]
0316210986,[3, 4, 8, 8, 16]
0670023515,[17]
1455520659,[1, 2, 2, 3, 3, 5, 6, 8, 8, 10, 9, 12, 11, 8, 7, 13, 20, 18]
1250052017,[13]
0399156631,[6, 13, 15]
0756406609,[12]
1565125967,[17]
1451627289,[1, 2, 2, 2, 1, 1, 1, 2, 4, 6, 6, 5, 6, 5, 6, 10, 10, 12, 14, 15, 13, 20, 18]
0805090037,[3, 8, 6, 6, 11, 14, 15, 14, 17, 18, 17, 20]
0670021873,[8, 14, 19]
0812998685,[11]
0385492723,[8, 13, 16]
0385515049,[19, 16]
034550075X,[5, 7, 9, 14]
006165597X,[18]
0451466802,[5, 16]
1476716692,[3, 6, 8, 12, 14, 17]
0345544048,[7, 12]
0525950923,[12, 18]
052595239X,[11, 19]
0345511425,[17]
1439180962,[3, 4, 5, 7, 6, 13, 15, 16]
039917575X,[4, 8, 10, 13, 18, 18]
0399157042,[1, 3, 7, 10, 18]
0385528043,[1, 2, 3, 2, 2, 2, 2, 2, 2, 5, 4, 7, 9, 9, 9, 8, 6, 14, 18, 20]
0804139024,[12, 11, 12, 14]
145166737X,[15]
0525427090,[20]
0525952632,[10, 19]
1451617720,[3, 7, 10, 11, 18, 20]
0399155805,[5, 12, 18]
0061438456,[14, 9, 15, 19]
034553087X,[9]
0345531795,[8]
0802124801,[8, 19]
0316036218,[1, 1, 2, 5, 6, 8, 12, 11, 15]
052595256X,[16]
1250027705,[12]
0399155198,[6, 8, 14]
0345542924,[1, 2, 3, 6, 8, 11, 14]
0765321556,[10]
0307959929,[16]
1439156379,[15]
0060888741,[4, 12, 18]
0312548176,[15]
0399158146,[8, 11]
0345510585,[20]
0345505085,[18]
031253955X,[7, 16, 14]
0345531043,[8, 10, 17, 20, 18]
0399160795,[13]
0345509226,[2, 9, 16]
1455517135,[8, 10, 17]
0547819234,[15, 19]
0312651198,[13]
0399155864,[7, 17]
0307700313,[8, 9, 13, 16]
006225071X,[5, 13, 19]
1439102414,[1, 5, 9, 16]
0399157573,[3, 6, 11, 14, 17, 17, 17]
0441015891,[8, 16, 19, 11, 12, 12, 16, 16, 17]
0316036234,[2, 7, 9, 11, 13, 17]
0061432660,[20]
0307959945,[19, 13, 14, 17]
0399156836,[4, 6, 12, 14]
0062083422,[15]
0399162364,[15]
0765332000,[8]
0316036226,[1, 1, 2, 6, 5, 8, 8, 11, 16]
0061957917,[5, 11, 16]
0307957276,[8, 11, 16, 17]
0307273571,[1, 2, 5, 5, 4, 5, 9, 9, 15, 17]
1594205418,[9, 14]
0399158278,[1, 3, 8, 14, 19]
0670026107,[17]
0446563080,[4, 5, 5, 6, 8, 13, 15, 19]
0399158030,[6, 12, 16, 17, 18]
045146527X,[16]
0062395106,[20]
0312559119,[16]
0374292086,[9, 16]
0399164421,[3, 8, 13]
0553391798,[5, 9, 14]
0399155651,[2, 5, 7, 10, 20]
0345509102,[3, 11]
0316059862,[8, 9, 12, 19]
1101874279,[4, 3, 5, 4, 4, 5, 5, 7, 11, 9, 13, 14, 14, 17, 20]
0525952020,[10, 16]
0385351836,[4, 6, 7, 9, 12, 12]
0399169458,[11, 17]
0778325776,[17, 16, 17]
0399154183,[4, 7, 14]
1250042968,[17]
1401323588,[20]
0393078116,[18]
0399157263,[4, 6, 9, 11, 15, 20]
0399176144,[14]
0670022527,[15]
031607991X,[11, 20]
0316224553,[14, 17]
1439158908,[15]
0802123538,[5, 18]
0345543165,[10, 12]
0316219363,[13, 18]
0670020869,[14]
0525952586,[1, 3, 6, 8]
0345505336,[15, 16]
1451617755,[2, 5, 9, 14, 18]
0345497945,[6, 10, 14, 15]
0062237187,[16]
0425241971,[3, 12]
1400067685,[3, 4, 5, 6, 9, 11, 17, 20]
0373773781,[12, 20]
1400065674,[3, 6, 4, 6, 7, 20, 16]
0385533039,[11]
0061624764,[7, 7, 10, 10, 13, 18]
1250027659,[7, 14]
0385344015,[16]
0312341814,[9, 13, 19]
0670026603,[17]
0345509129,[4, 18]
0345485793,[9, 12, 16, 14, 15]
0399155872,[1, 3, 6, 8, 13]
0373777027,[18]
0061779768,[5, 8]
141431163X,[8, 16, 20]
0385340265,[5, 10, 18, 20, 16]
052595242X,[12]
0061974323,[13]
125001980X,[5, 16, 20]
0060590319,[4, 5, 11, 14, 15, 18]
0399162577,[8, 13, 19]
0345500679,[12]
0061876909,[13]
0345535227,[14]
0375414967,[2, 4, 5, 7, 13, 15, 15]
0345511565,[18]
0062270184,[17]
0307593312,[2, 6, 6, 10, 12, 11, 13, 12, 12, 18]
0425236595,[3, 10, 17]
0062349376,[13]
1416550763,[13]
1599951967,[14]
0765324121,[20]
0399156046,[10, 20]
0446553972,[3, 7, 9, 10, 11, 19]
1451661509,[4, 6, 10, 11, 12, 19, 18]
0399167447,[2, 2, 3, 3, 3, 5, 5, 10, 14, 13, 13, 16, 18, 14, 14, 16, 18]
0375414495,[17]
0385341059,[10, 18]
0871407868,[15, 13, 15, 16]
0451417054,[1, 8, 12]
0670025836,[20]
0399156232,[4, 8, 13, 9, 13]
0679644059,[15, 12, 13, 18]
0062220756,[17]
0399156828,[9, 15, 17]
0316097462,[2, 3, 7, 8, 13, 15, 16]
0061655988,[19]
0399160663,[2, 15, 18]
0805093990,[5, 7, 9, 14, 15, 19]
0425263150,[12]
0061246247,[16]
0385341962,[14]
0345539478,[10]
0374202397,[18, 15]
1451687478,[18]
1401324908,[17]
1414336241,[11, 11, 20, 20]
006124340X,[14]
0060175311,[19]
0061969656,[2, 11, 16]
0399157565,[4, 6, 7, 8, 13, 18]
0758212739,[18]
1451693567,[15, 14, 18]
1416545182,[7, 14, 19, 20]
0385533853,[13, 20]
0399174117,[8, 13, 20]
0312367996,[15]
0345527356,[7, 13, 8, 14, 18]
0312946517,[13, 19]
0307595129,[17, 15, 9, 7, 12, 14, 18, 19]
0316228532,[1, 1, 1, 3, 3, 3, 5, 8, 7, 10, 11, 7, 5, 4, 10]
0399174664,[7, 16, 18]
0307700186,[6, 7]
0385350864,[7, 9]
038551638X,[17]
0770437850,[9, 7, 8, 12, 11, 9, 13, 15]
039915504X,[19]
0062409859,[1, 1, 1, 1, 1, 1, 2, 3, 3, 4, 4, 7, 6, 8, 11, 17, 13, 14, 15, 10, 11, 11, 9, 7, 9, 9, 11, 15, 14, 16, 18, 9, 5, 8, 10, 12, 12]
0399157689,[1, 1, 3, 7, 11, 11, 17]
0385504225,[1, 1, 1, 1, 1, 1, 2, 2, 2, 3, 3, 2, 1, 1, 1, 1, 2, 3, 3, 2, 5, 3, 3, 8, 9, 11, 13, 14, 13]
0345486560,[6, 16]
1400043131,[14]
0399158820,[1, 9, 8, 12]
1250019672,[5, 16, 19]
0765321548,[8, 20]
0062120395,[10, 12, 13, 13, 14, 20, 20]
1250020026,[9]
0061493341,[5, 7, 9, 12, 14]
0062294377,[1, 4, 4, 6, 2, 2, 2, 4, 8, 4, 6, 6, 8, 10, 14, 17, 19, 18]
1416597883,[14]
0062319191,[14]
159463176X,[2, 2, 2, 2, 3, 3, 2, 3, 5, 4, 3, 4, 5, 4, 5, 7, 8, 11, 12, 15, 20, 17, 17, 15, 13, 12, 13, 16]
1416548521,[5, 9, 12, 18]
0345504968,[3, 4, 7, 7, 7, 11, 11, 14, 19, 19]
0525952837,[15]
0061988243,[16, 14, 13, 17]
1400068932,[14, 20, 18]
0399157662,[16, 18]
0307959961,[20]
0525426582,[11, 15, 18]
0670026611,[17]
145551604X,[10, 10, 12, 14, 16, 8, 6, 7, 13, 12, 15, 20]
0765322749,[17]
0451417070,[2, 17, 20]
0345542967,[1, 2, 7, 10, 12, 12, 12]
147671777X,[12, 16, 19]
0451475267,[14]
0312383343,[1, 1, 1, 4, 7, 9, 16]
0399158588,[12]
052595144X,[8]
0312376863,[19]
0373774591,[13, 20]
0765326264,[20]
1250045428,[15]
0345540700,[16]
0061692069,[14, 17]
0345521226,[12]
0399156399,[2, 6, 9, 12, 11, 15, 19, 19, 17, 17]
0441019714,[2, 14, 19]
0061961299,[5, 10, 11, 13, 19]
1451664125,[5, 7, 7, 10, 17]
006185929X,[9, 13]
0525950966,[19]
039917124X,[7]
1101081449,[9, 16]
0525953485,[1, 2, 5, 8, 9, 13, 17]
0312554168,[2, 6, 7, 11, 11, 19, 16, 16, 18]
0385524072,[11, 16]
1416562176,[9, 16]
0399156461,[7, 15]
0345523539,[11]
0765332175,[14]
1476789630,[12, 12, 13, 12, 8, 13, 14, 14, 8, 12, 10, 10, 7, 9, 11, 13, 19]
0312559135,[19]
0060004878,[8, 9, 16, 18]
039915731X,[2, 4, 4, 6, 11, 11, 10, 17, 19]
1476709211,[20]
0345518149,[6, 12, 17]
0553807714,[1, 5, 13, 16]
0061969702,[7]
0375422757,[20]
0385343221,[4, 9, 16, 20]
034550898X,[13, 16, 19]
0375424490,[2, 5, 5, 8, 12, 13]
0399155473,[4, 7, 14, 17]
0553807242,[10, 15]
1250000971,[11, 14, 13, 17]
0312567243,[9, 13, 15]
0446195510,[3, 6, 7, 7, 14, 13, 14, 16, 12]
0061147958,[10, 15, 20]
0312550650,[14]
0374299048,[7, 18, 14, 19, 16, 17]
1439128294,[6, 8, 9, 14, 15]
0425255719,[7]
0307272400,[3, 9, 13, 15]
0316068047,[2, 2, 2, 3, 3, 5, 6, 7, 4, 3, 3, 5, 6, 5, 5, 6, 6, 7, 10, 11, 9, 11, 12, 12, 13, 15, 17, 10, 8, 5, 5, 5, 3, 2, 2, 2, 2, 4, 3, 4, 8, 6, 4, 4, 5, 2, 4, 5, 6, 8, 8, 7, 7, 9, 11, 13, 17, 15, 16, 17, 18, 16, 12, 16, 19, 19, 17, 17]
0373773021,[18]
0758212720,[19]
0062414216,[3]
159420571X,[18, 17, 17, 20, 17, 18]
0061779741,[3, 6, 9, 10, 12]
1416543031,[20]
1400069262,[13, 16]
0399167315,[2, 12, 11, 19]
0399164731,[7, 9, 20]
1250061628,[1, 6, 6, 9]
1101875895,[9, 13, 13, 16, 18]
0451474473,[20]
0385352859,[10, 19, 19]
0312364121,[4, 4, 5, 9, 11, 18]
0399156119,[2, 3, 7, 10, 14, 17]
045146415X,[12]
0385342454,[2, 2, 8, 9, 14, 18]
0316210684,[2, 6, 7, 6, 6, 4, 3, 12]
0399157301,[1, 2, 4, 4, 8, 10, 14, 20, 20]
1401322786,[1, 3, 4, 5, 5, 6, 9, 12, 15, 14, 17, 14, 15, 16, 14, 9, 12, 18]
0345500776,[4, 8, 19, 18]
0679403930,[16]
034546933X,[10]
0446573051,[2, 4, 5, 5, 7, 7, 4, 12, 11, 12, 18]
0385517831,[1, 1, 1, 1, 2, 2, 3, 3, 4, 4, 6, 6, 11, 20, 14, 19, 19]
1416563725,[2, 7, 8, 8, 12, 16]
0553807153,[5, 8, 12, 12, 10]
0765317583,[17, 18, 11, 19]
0385528701,[3, 5, 8, 13, 14, 18]
0061558265,[7]
0778325504,[10, 14, 13]
141659485X,[1, 2, 2, 2, 2, 1, 3, 7, 14, 18, 17, 16, 8, 9, 9]
0399160752,[5, 7, 14, 20]
0061731153,[9, 19]
1455521205,[1, 1, 4, 4, 6, 7, 13, 4, 12, 16]
1594487367,[6, 8, 6, 10, 8, 15, 20]
0525427910,[14]
0399156879,[3, 9, 16, 20]
0062106074,[14]
1439102767,[2, 3, 1, 2, 6, 8, 10, 14, 19]
0446539821,[3, 2, 6, 7, 20, 19]
0062134671,[7, 18]
0525954295,[19]
1451645821,[19]
0812993101,[7]
0345510623,[15]
0767926277,[11, 15, 19]
0553805541,[11]
0307269752,[4, 7, 10, 12, 13, 17, 17, 20, 19, 17, 18, 20]
0399157344,[2, 11, 18]
0307394999,[20]
1250020522,[19]
1416585834,[7, 17]
0385524986,[18, 16]
0399160574,[19]
0345501284,[20]
0345544927,[1, 2, 5, 4, 7, 11, 8, 8, 7, 7, 7, 10, 19, 18, 18, 18, 17]
0441016383,[13]
0553807986,[7]
0061977969,[4, 12]
1476706123,[17]
1451628315,[3, 9, 14, 15]
0786949643,[3, 8, 19]
1439133611,[13]
031258749X,[15, 20]
0399155996,[6, 9, 15, 20, 19]
1401394530,[6, 9, 8, 11, 14, 13]
031621096X,[1, 1, 4, 3, 3, 3, 7, 8, 8, 12, 14, 19]
0312567456,[6, 4, 12, 15]
0345548388,[20]
0061558222,[8, 18]
1451664168,[5, 15, 20]
0525953086,[9, 10, 18]
1451681739,[7, 7, 5, 4, 5, 6, 13, 15, 16, 18]
0345545931,[5, 17, 20]
1416550038,[8, 17]
0553391151,[19, 12, 16, 18]
0670785695,[14, 17]
0399164456,[1, 4, 4, 7, 16, 19]
1455517062,[4, 14, 17]
0312380348,[10, 19]
0399158618,[1, 3, 5, 8, 19]
0345528816,[1, 9, 10, 17]
0385528787,[8, 15, 19, 20]
0446573256,[6]
0307596885,[15, 19, 19, 19]
145162607X,[4, 11, 14]
031609756X,[2, 2, 2, 5, 6, 7, 17, 20]
0062134701,[9, 19]
0385534639,[2, 3, 4, 5, 6, 11, 14, 17, 17, 20, 19, 19, 18, 18, 18]
1439199353,[12, 15, 15, 14, 9, 9, 7, 6, 10, 15, 13, 14, 20, 20, 18]
0446572993,[1, 2, 3, 6, 6, 5, 8, 8, 9, 7, 12, 16]
0399155139,[15, 14]
1416565159,[14, 15, 14, 14, 14, 14]
0375425136,[16, 20]
0316089516,[1, 2, 5, 6, 7, 12, 19]
0399159495,[10, 14, 19]
0060837381,[13, 17]
0425277356,[9]
1429983760,[1, 12, 19]
0765317699,[11]
0062132466,[7, 8, 11, 13, 19]
0399162496,[2, 4, 13, 19]
1594487510,[16, 20]
0399155163,[1, 1, 2, 1, 2, 4, 6, 6, 12, 14, 15]
0399157824,[5, 9, 14, 20]
039915972X,[10]
1451647018,[5, 17, 18]
0399160671,[3, 6, 17, 20]
0312651317,[2, 12, 15, 20]
0061928127,[15, 11, 16, 12, 18, 19]
0345539788,[20]
076531505X,[9]
042527067X,[16]
052595399X,[11]
0670018856,[11, 9, 10, 9, 14, 16, 17, 18]
1451672721,[14]
0375425144,[13]
0062311115,[4, 6, 7, 10, 15, 17]
0061727660,[12]
0316206849,[3, 1, 1, 1, 1, 1, 2, 3, 3, 9, 11, 17]
0385352123,[8, 18]
0425234339,[2, 8, 20]
0345511344,[8]
0312614586,[8]
0425270793,[3, 20]
0345543084,[3, 6, 10, 17]
0316185906,[12, 15, 19]
1439129177,[9, 14, 17, 18, 20]
0385342942,[19]
0446574627,[16, 15, 16]
0060004908,[8, 12, 13, 20]
0062049577,[5, 17]
1250029945,[10]
193636574X,[16, 16]
0525954554,[9, 14, 15, 20]
1476763127,[6, 11, 13, 16, 17, 17]
052595158X,[1, 3, 3, 4, 11, 17]
0399171274,[5, 10, 15, 17]
0307596907,[18, 18, 12]
0345528204,[9, 20]
0765326353,[7, 11, 20]
0312622899,[18]
1439192952,[10]
0312364423,[5, 11]
1400065119,[14, 19]
0062250949,[8, 16]
0525954333,[4, 12, 19]
0441020011,[1, 9, 14, 17]
0307957934,[12, 15]
0312587538,[17]
1416586571,[3, 5, 9, 12, 16]
1439159661,[16]
0670021040,[9, 7, 8, 12, 12, 17]
1416533168,[10]
0385532350,[17, 18]
0307957128,[8, 11, 14, 16, 16, 13, 18, 16, 20, 18, 18, 19]
0441016766,[3, 5, 12, 15, 19]
0553392719,[7, 11, 18]
0786963646,[10, 18]
1594633177,[9, 19]
0525952608,[18]
0312591837,[19]
0670020419,[12, 11, 18]
0061257079,[7, 13, 16, 19]
0374173958,[15, 20]
1455521191,[1, 2, 3, 5, 5, 5, 4, 8, 7, 9, 8, 11, 17, 15]
0670020486,[11, 11, 17]
145163806X,[3, 15]
0804178771,[1, 1, 2, 4, 7, 10, 14]
1401323146,[17]
0399169156,[4, 10, 13, 14, 19]
0525952640,[9]
1451628293,[5, 9, 19, 19]
0345517199,[8]
044656432X,[3, 11, 16, 17]
1455586420,[2, 4, 5, 6, 8, 8, 8, 13, 13, 16, 18, 19]
0307700321,[10, 18]
0553391925,[2, 5, 14, 17]
1439165319,[7, 8, 18, 15, 11, 19, 19]
0385528779,[8, 15]
0316211125,[1, 2, 4, 5, 9, 19]
1501112317,[11, 16]
0345505476,[9, 19]
0812992792,[15, 18]
0425234355,[15]
0061656003,[15]
0446573310,[14]
0553804545,[9]
145161781X,[7, 8, 12, 20]
0385342063,[4, 7, 11, 16, 17, 20]
006178480X,[6, 9, 13, 20]
0385538057,[8, 20]
0399155481,[1, 3, 6, 6, 13, 19]
0451463528,[12]
0525953094,[1, 1, 2, 3, 3, 3, 8, 6, 9, 12, 13, 10, 9, 10, 13, 20]
0345495136,[4, 7, 11, 20]
031603617X,[1, 1, 3, 3, 4, 3, 6, 8, 9, 12, 17]
1594634475,[7, 8, 13, 19, 20, 20, 20, 18, 17, 14, 10, 10, 12, 11, 12, 19, 20]
034551162X,[4, 5, 16, 16, 18]
0316250813,[3, 16]
0399156534,[5, 8, 12, 16]
0385539703,[4, 7, 8, 6, 10, 19, 20]
0061468363,[16]
0307595862,[10, 11, 9, 13, 18]
0399157816,[2, 6, 10, 15]
1414336276,[14, 17]
0399165274,[9, 13]
0374281092,[9, 17, 18]
0399157786,[1, 6, 9, 14]
0061990639,[9]
0312359322,[10, 17, 20]
0399176950,[13]
1451640218,[7, 13]
1416563067,[1, 2, 8, 10, 15]
0385533411,[6, 12, 17]
0316211230,[1, 3, 5, 4, 9, 10]
0805080686,[15, 7, 10, 13, 17, 17, 13, 13, 20]
1250061563,[20]
0061836923,[6, 15, 17]
1250020042,[11]
145558116X,[4, 8, 12, 16]
0451233166,[2, 6, 16, 20]
0553418777,[16, 15, 16, 11, 13, 20, 16, 12, 18]
1455599492,[15]
0312368488,[16]
0316166316,[3, 4, 8, 12, 15, 19]
0345511530,[17]
0399155023,[9, 13, 14, 20]
1455527203,[4, 6, 10, 12, 14, 16]
0758234899,[11, 18]
1250007046,[20]
1476783454,[1, 2, 5, 5, 8, 12, 19, 20, 19, 19]
039917432X,[9, 11, 15, 17, 20]
0399173803,[9, 13, 19]
0914671170,[15]
0399160779,[3, 7, 9, 15]
0399162925,[2, 7, 11, 16, 18]
0385349963,[9]
0345521307,[9, 10, 8, 7, 14, 12, 16, 13, 14, 12, 16, 14, 13, 15, 17, 14, 19, 19, 13, 13, 14, 15, 13, 14, 17, 14, 10, 11, 10, 11, 14, 17, 18, 13, 20, 20, 20, 20, 19, 18, 14, 13, 16, 17, 16, 18, 18, 18, 18, 18, 20, 20]
0399160132,[1, 4, 7, 8, 20]
0062196243,[7, 12, 16]
0316334529,[6, 9, 6, 9, 9, 9, 11, 14]
0553807080,[17]
0316406996,[3, 4, 10, 13, 12, 18]
0399157239,[1, 1, 1, 2, 3, 4, 7, 7, 5, 5, 5, 12, 15]
1476749116,[6, 9, 11, 17]
0316410977,[10, 7, 14, 18, 17]
147675666X,[6, 9, 14, 20, 18]
0399158294,[8, 18]
042523567X,[3, 5, 9, 14, 17]
0786963719,[10, 12]
0345497627,[7, 15]
145161778X,[5, 7, 8, 11, 15]
1455576646,[14]
0399155422,[8, 14]
0399155031,[3, 4, 8, 11, 17]
0451224507,[1, 1, 4, 5, 7, 10, 20]
0374266328,[20]
0345509161,[7, 16]
0307956997,[16]
1400069297,[18]
0525951784,[16]
0399157034,[1, 5, 13, 14]
0525951849,[16, 20]
0385348452,[15]
0061348171,[6, 15]
0316407054,[1, 2]
0316069485,[1, 4, 7, 10, 16, 20]
0385343159,[4, 7, 10, 13, 16]
0385353308,[20, 15, 20, 18, 14, 14, 12, 12, 11, 14, 10]
1594489769,[20]
0743294297,[1, 2, 3, 6, 7, 11, 15]
1476770387,[1, 2, 4, 4, 3, 2, 4, 6, 10, 14, 20]
0385540353,[15]
1451647034,[8, 14, 17, 20]
0312655479,[1, 9, 14, 20]
0399165266,[17]
0345548485,[17]
0316204277,[18, 9, 16]
1599953544,[17]
0307959856,[4, 5, 5, 3, 3, 5, 4, 3, 5, 6, 7, 11, 12, 17, 19]
0345545966,[12, 13, 13, 13, 15, 17]
0385340257,[4, 8, 13]
1400063841,[4, 10, 19, 16, 20]
0312546599,[4, 10]
038553714X,[1, 1, 1, 2, 3, 3, 2, 1, 1, 1, 2, 2, 4, 6, 4, 6, 9, 12, 8, 12, 17, 18, 20]
0451229851,[2, 6, 10, 12, 16]
0345539931,[3]
0316069515,[3, 7, 11, 10, 8, 14, 12, 13, 14]
1400065747,[5, 8, 10, 12, 17]
1416591478,[12, 20]
1476710791,[9, 14]
1401324800,[8, 16]
0765330423,[7]
0743294386,[1, 4, 8, 14]
0345505492,[8, 16]
1439138338,[14, 14]
0399159894,[1, 2, 3, 7, 8, 14]
0345527771,[1, 2, 3, 6, 11, 19, 20]
1476745048,[13]
0312349513,[1, 1, 2, 2, 7, 9, 12, 20]
0525953604,[14]
0385344058,[6]
1501110993,[12, 16, 18]
0553804863,[4, 19]
0525952209,[19]
147670631X,[20]
0385344341,[1, 2, 5, 5, 7, 13, 16, 17]
1250029880,[4, 16]
1439187207,[4, 8, 9, 11, 11, 15, 17, 20, 19]
0399158952,[10]
0399156623,[14]
0345542886,[1, 3, 8, 8, 7, 9, 10, 19]
0061239224,[8, 10, 18]
0670022691,[16, 17, 13, 17]
0758211848,[8, 16, 20]
1416565116,[17, 17]
0316407062,[1, 2, 3, 6, 10, 11, 17]
0525954562,[7, 12, 16, 20]
0061702323,[14, 20]
1429962925,[19]
034551548X,[10, 12, 14, 17]
0062072188,[2, 4, 6, 9, 8, 11, 20]
0399157808,[14]
0062065246,[16, 15, 18, 19, 14, 12, 14, 15, 15, 15, 15, 13, 16, 14, 13, 17, 18]
0316071741,[11, 17]
031236847X,[15, 18]
0307960498,[6, 16]
0688163181,[3, 9, 10, 15, 20]
0399171177,[13]
0345532600,[18]
0385352875,[16, 19]
0345528921,[2, 2, 7, 11, 18]
0758280343,[6]
0525426590,[3, 9, 13, 15, 17, 16, 17, 16, 13, 19, 13, 11]
0399159266,[4, 9, 12, 15]
030758836X,[2, 3, 2, 1, 1, 3, 2, 1, 1, 1, 1, 1, 1, 3, 2, 3, 3, 4, 3, 6, 7, 5, 4, 6, 8, 9, 2, 2, 2, 1, 1, 2, 2, 4, 2, 1, 2, 3, 4, 6, 2, 3, 5, 6, 7, 4, 8, 7, 8, 7, 8, 9, 10, 12, 11, 8, 7, 7, 8, 6, 5, 5, 6, 8, 8, 11, 10, 12, 13, 18, 18, 19, 15, 12, 7, 8, 7, 7, 9, 12, 16, 17, 20, 17, 19, 16, 9]
0312577206,[1, 7, 9, 12, 14]
0525426930,[5, 13, 20]
031621129X,[1, 1, 3, 5, 11, 7, 15, 20]
0758210221,[12, 18]
0062255657,[1, 4, 3, 4, 7, 7, 6, 9, 8, 12, 17, 19, 17]
0399169121,[9, 17, 17, 20]
0399161589,[13, 18]
1439152780,[16, 20]
0345515501,[3, 11, 20]
0778325911,[7, 13, 14, 18, 16, 19]
0525953000,[14, 19]
0385340583,[1, 3, 6, 7, 11, 15, 20]
1400069491,[6, 13, 18, 13, 19]
0385534833,[19]
0312383282,[1, 2, 3, 4, 7, 9, 14, 20]
0307378411,[5, 17, 18]
0061784796,[3, 5, 15, 18]
1250020107,[16]
1101875046,[4, 4, 9, 5, 7, 12, 14, 12, 20]
0385537859,[1, 1, 1, 1, 1, 2, 1, 1, 1, 2, 2, 2, 3, 4, 2, 3, 5, 5, 10, 10, 12, 16, 19, 17, 16, 19, 14, 13, 10, 14, 9, 8, 12]
1250022061,[1, 7, 17, 20]
1451668945,[1, 2, 7, 6, 9, 16]
0525954902,[18]
0385535147,[1, 1, 1, 3, 5, 5, 3, 1, 1, 2, 3, 9, 7, 9, 10, 11, 16, 14, 19]
0425229734,[1, 6, 11]
1439156352,[14]
0316007021,[18, 18]
0316036269,[2, 3, 2, 2, 3, 7, 9, 16, 17, 18]
0399155414,[6, 7, 10, 11, 14]
1250027934,[16]
0758210248,[19]
0399159312,[2, 3, 6, 7, 9, 18]
1476758794,[6, 14, 17]
0061930237,[10, 16]
0385514301,[16]
0399156445,[5, 9, 18]
0345527682,[1, 2, 2, 4, 6, 7, 10, 13, 17]
0307346528,[13]
0399158111,[18]
1501108557,[7, 12, 16, 19]
1501116975,[18, 9, 20, 18, 19, 18, 20, 17]
0312591071,[18, 18, 20, 20]
0312577222,[3, 5, 4, 6, 6, 7, 8, 6, 8, 6, 6, 9, 9, 8, 9, 8, 10, 10, 10, 12, 13, 8, 10, 8, 8, 8, 6, 8, 10, 10, 13, 13, 12, 11, 11, 14, 15, 16, 20, 16, 13, 13, 11, 10, 6, 5, 6, 5, 7, 7, 8, 4, 4, 4, 5, 4, 8]
0316043877,[10, 15]
0385538898,[11, 14, 18, 20]
039915826X,[3, 12]
1501110721,[11, 20]
1451693591,[11, 12, 14, 17]
039917334X,[3, 3, 8, 11, 15]
0316407046,[1, 2, 2, 5, 2, 7, 7, 16, 19]
0316210919,[1, 5, 6, 6, 6, 7, 15, 16, 15, 19]
0804188971,[20]
1476798176,[18]
0553392425,[13]
0316043908,[10, 11, 18]
034552893X,[3, 14]
0385521227,[7, 10, 12, 17]
0316097365,[1, 2, 5, 8, 12, 15, 20]
0061779784,[7, 18]
1451617054,[13]
0312651236,[7, 16]
034553106X,[2, 4]
0062083392,[18, 18]
1455559822,[1, 2, 4, 4, 4, 6, 6, 9, 10, 15, 20]
0385536828,[4, 16, 17, 17, 19, 19]
0316206873,[2, 3, 2, 5, 7, 7, 10, 10, 12, 13, 18]
1416593403,[16]
1594204799,[15]
055380801X,[7, 9, 18]
0385535988,[15]
0062106066,[7]
0399155333,[4, 8, 11, 18]
0778312704,[18]
0399170863,[2, 6, 7, 10, 15, 18]
0312368151,[9, 14]
0446583146,[2, 5, 5, 6, 9, 11, 15, 18, 19, 18, 13, 19]
1250056233,[5, 8, 11, 15, 19]
1416549129,[2, 6, 6, 7, 10, 16]
1594202249,[5, 11, 18, 17]
1400068312,[12, 17, 18]
039916443X,[1, 5, 8, 16]
0399161775,[2, 6, 6, 12]
0312567251,[11, 19, 17]
0385523238,[6, 7, 8, 10, 8, 12, 14, 17, 18, 17]
0553807749,[2, 5, 7, 7, 11, 17]
0316098337,[10, 9, 12, 15, 12, 19, 15, 18, 20, 15, 15, 17, 14, 11, 11, 10, 10, 10, 8, 13, 13, 17, 15]
145161747X,[11, 9, 13, 15, 19]
0385343833,[11, 6, 9, 13, 19, 20]
1439165394,[6, 10, 14, 18, 20]
0525951768,[12, 14, 16]
0345509145,[8, 14]
0399167293,[2, 8, 7, 12]
0316211222,[2, 4, 6, 9, 12, 14, 20]
0345526570,[4, 10, 17, 18]
0765375869,[20]
1439102392,[3, 8, 13, 16]
0316207047,[3, 3, 4, 6, 11, 19]
0743296419,[1, 1, 1, 2, 3, 8, 7, 12, 16, 15]
1455525928,[6, 14]
0345547497,[9]
038553826X,[2, 13]
0307394972,[6, 12, 17]
0399157425,[2, 6, 11, 18]
1400069599,[13, 17, 18, 15]
0307595110,[3, 5, 6, 11, 10, 10, 17]
145164311X,[3, 10, 17]
0345543122,[9, 16]
1439102457,[7, 18]
0399157336,[5, 10, 14, 20]
0446573647,[15, 13, 13, 13, 13]
1250019699,[9]
030737839X,[3, 9, 14, 20, 19]
0312385188,[12]
1400068266,[20, 20]
0399154973,[3, 4, 7, 13, 18]
0441018688,[8]
0345501578,[7, 20]
0345530594,[18]
0399155848,[1, 3, 4, 14, 20]
039915583X,[20, 20]
006194100X,[20]
1451608217,[9, 13, 16, 17, 20]
1476754454,[1, 2, 4, 4, 4, 8, 10, 10, 12, 15, 18, 20]
0670025771,[12, 19]
0399155007,[6, 5, 8, 10, 14, 18]
039916149X,[7, 18]
0446573019,[1, 3, 7, 8, 10, 11, 15, 17]
1455525774,[3, 9, 14, 15]
0060746769,[8, 11, 17]
0385341636,[3, 13, 14]
0312383304,[1, 2, 4, 7, 7, 8, 10, 12, 18]
0345505697,[3, 13, 18, 18]
1439165351,[15]
0446527890,[12]
052595225X,[2, 7, 14]
0307271560,[17]
0399159347,[17, 11, 9, 10, 11, 12, 12, 16, 15, 19, 19, 17, 11, 11, 11, 10, 15, 17, 15, 15, 18, 14, 14, 13, 12, 10, 13, 14, 19, 19, 20, 14, 17, 20, 20, 17, 16, 15, 16, 12, 19, 20]
0399158022,[2, 7, 7, 8, 11, 20]
0399167323,[4, 9, 15, 19]
0765329069,[19]
0399164162,[3, 7, 12, 16]
0312533780,[9]
0345544013,[4, 11, 17]
0060829850,[17]
0062294415,[4, 10, 7, 9, 9, 7, 9, 10, 12, 18]
1476758905,[18]
1439115303,[2, 6, 4, 6, 6, 6, 6, 12, 20]
1439192561,[2, 5, 3, 4, 7, 6, 5, 12, 17]
0312651244,[13]
0670026115,[10]
0062124269,[3, 5, 9, 11, 13, 13, 11, 13, 17]
006229721X,[13, 14, 19]
0316055433,[2, 3, 3, 5, 5, 8, 7, 4, 3, 5, 1, 2, 2, 1, 2, 1, 2, 3, 2, 3, 6, 3, 3, 5, 4, 2, 2, 3, 5, 2, 2, 3, 4, 3, 6, 6, 6, 7, 6, 5, 5, 5, 5, 4, 3, 8, 14, 13, 10, 12, 12, 13, 18, 19, 19, 16, 19, 15, 16, 13, 11, 12, 15, 16, 15, 17, 19, 20]
0385354207,[14]
0316176532,[6, 7, 16]
0399155953,[3, 9, 13]
0525953612,[6, 11, 15, 19]
0385338309,[4, 8, 9, 14, 14]
1101874996,[17, 17, 20, 15, 14]
0765315033,[11]
0399155503,[10, 13, 14]
0802122647,[7, 14]
0399176608,[1, 5, 9]
0812993802,[3, 4, 6, 5, 2, 3, 6, 10, 15, 15, 18]
0307269981,[1, 4, 5, 6, 6, 9, 9, 9, 14, 16, 20, 20, 18, 20, 17, 14, 18, 15, 14, 11, 12, 9, 10, 11, 11, 13, 13, 17, 18]
045146317X,[1, 3, 10, 13]
0345536665,[13]
0525953973,[19]
0316211176,[1, 4, 5, 6, 8, 16]
1416563709,[10, 18]
1439107947,[16]
0061474096,[1, 8, 15, 13]
0743296435,[1, 1, 2, 3, 5, 7, 6, 12, 12, 17, 20, 20]
0525953892,[13]
0062220551,[4, 10, 18]
0345541375,[7, 11, 16, 18]
0425256758,[8, 16]
0345528697,[9, 11, 13, 13, 14, 15, 18, 18]
0399156585,[1, 3, 5, 8, 10, 12, 19]
1416595201,[1, 2, 3, 3, 5, 4, 4, 7, 16, 15]
0061629758,[15]
125001011X,[4, 7, 13, 13, 20]
0061969672,[11, 20]
0743294270,[2, 4, 5, 6, 10, 15]
0312651619,[4, 12, 20]
0399162372,[1, 2, 4, 10, 10, 14]
1416563792,[20]
0307956350,[14, 9, 17, 15]
0312631685,[19]
1416533184,[11]
0446527874,[9, 9, 12, 14]
0316261130,[18]
1451658907,[1, 2, 8, 9, 10, 11, 14, 16, 18]
0399169466,[12]
0765376474,[15]
0525953019,[6, 17]
0765323982,[8]
034550920X,[20]
1501119796,[9, 14]
0312377037,[19]
0345531000,[8, 12, 13, 16]
0316099783,[7, 8, 9, 18, 19]
0393041654,[17]
1250007038,[15]
006195795X,[5]
1401324827,[13]
147671715X,[3, 6, 5, 7, 12, 15]
0399154981,[9, 11, 18]
1416595619,[13, 16]
0316176486,[3, 3, 3, 5, 9, 11, 17, 13, 14, 19]
141659521X,[1, 4, 8, 10, 11, 12, 11, 15]
0399167641,[15]
0307378403,[4, 9, 11, 12, 16]
0316097519,[1, 3, 4, 3, 4, 8, 11, 16, 18]
1400064945,[7, 13, 14, 18]
0061731161,[11, 16]
0307594130,[13]
0345535405,[20]
0385531400,[8, 11, 15]
0756407451,[20]
1594632022,[13]
0060393491,[4, 4, 5, 7, 9, 10, 8, 9, 8, 10, 10, 15]
1451649320,[6, 19]
0316410985,[1, 3, 3, 7, 10, 15]
0446195502,[1, 3, 5, 8, 11, 11, 11, 10, 13, 15, 17, 16]
0525950605,[15]
1451635834,[5, 10]
0316097446,[2, 7, 9, 8, 14, 11]
1250032350,[16]
0446580856,[1, 5, 5, 7, 11, 15, 19]
0399156852,[8, 11, 18]
1416549978,[7, 8, 12, 14, 20]
0399158308,[1, 4, 8, 12, 19]
0385533020,[6, 9, 18]
0345543858,[5]
0399158812,[4, 11, 12, 19]
0062381644,[17]
0553391887,[6, 10, 15, 17]
1476798842,[13, 14, 16, 17, 17, 17]
0316018708,[1, 2, 2, 3, 6, 6, 6, 9, 15]
0778328198,[14, 18]
0385343175,[4, 8, 15, 18]
0316096156,[1, 3, 5, 5, 6, 7, 9, 12, 18]
1501100076,[1, 2, 3, 4, 5, 7, 13, 13, 15, 17, 15, 19]
0312651228,[3, 12]
039915812X,[14, 17, 20]
0307263991,[12, 11, 16]
0385341954,[15]
1439152802,[8, 15, 16, 15]
0399173358,[5, 6, 6, 6, 8, 17, 19]
1101965495,[1, 2, 6, 8, 10, 15]
0062073168,[1, 3, 4, 7, 7, 11, 15]
081299289X,[10, 14, 20, 19]
0765304961,[16, 18]
0756410436,[2, 5, 10, 14, 20, 20]
1400067243,[16, 17]
0425269515,[2, 19]
0062279416,[19]
0385351372,[7, 12]
0446195529,[1, 3, 4, 6, 8, 12, 12, 13, 15, 15, 18]
0670022241,[7, 14, 14, 19]
0446564087,[1, 4, 5, 7, 9, 12, 17, 17]
0316407011,[3, 4, 6, 11, 17, 16]
0451462548,[20]
0399158987,[1, 4, 6, 8, 14, 20]
0385343302,[10]
006222543X,[16, 19]
0399155171,[1, 3, 3, 5, 8, 12, 13]
0345524497,[20]
1594202176,[17]
0316069353,[1, 3, 3, 5, 7, 8, 12, 13, 16, 19]
1416594884,[4, 5, 9, 11, 18]
0316342513,[13]
1451665164,[16]
044655393X,[5, 10, 12, 14, 19]
1476781222,[18]
1476709181,[16]
1401324819,[6, 18]
0525952926,[1, 2, 3, 4, 7, 10, 8, 9, 11, 13, 13, 9, 17, 16, 14, 16, 19, 18]
0062330268,[4, 6, 9, 9, 13, 18]
0061227331,[8, 11, 15]
0316018775,[1, 2, 2, 3, 5, 9, 8, 14, 18]
1439102430,[4, 12, 20]
0345537262,[7]
0312303785,[16]
0399154914,[1, 1, 4, 6, 8, 11, 19]
0525955097,[1]
0517580519,[1, 2, 2, 2, 2, 5, 5, 7, 7, 8, 12]
0425255662,[5]
0385344228,[4, 3, 5, 6, 9, 9, 6, 8, 10, 18, 17, 19, 19]
0385352107,[1, 1, 2, 6, 10, 16, 14, 18]
0399168796,[1, 5, 6, 7, 12, 16]
0670015784,[18]
0062320130,[1, 4, 5, 4, 6, 9, 10, 17, 20]
125000098X,[4, 12, 10, 15, 15]
0345484207,[3, 15, 19]
0060548940,[9, 13, 12, 17, 17]
0312642717,[5, 19]
1400069629,[11, 17, 18]
0061560855,[19]
0316074233,[16, 15, 8, 12]
0316198730,[1, 3, 5, 5, 4, 3, 5, 10, 15, 20]
0345527747,[1, 3, 4, 4, 6, 8, 9, 20]
0385541031,[19]
0316018783,[1, 1, 3, 3, 2, 2, 3, 5, 6, 10, 7, 11, 15]
1594486409,[19]
1416595163,[2, 3, 5, 8, 10, 10, 11, 11, 13, 15, 16]
0345505670,[4, 9, 12, 15]
0743299841,[19, 18]
0525952977,[7, 17, 20]
0312595670,[19, 19]
0345506189,[12, 20]
0399157654,[5, 7, 13, 20]
0399157115,[2, 4, 7, 11, 13]
