	ISBN
0	316037915
1	446572993
2	385341679
3	61374229
4	547386079
5	038553714X
6	031621096X
7	345527771
8	316018767
9	670021652
10	1451606273
11	62255657
12	805096663
13	399164456
14	385539436
15	141659485X
16	399155872
17	812993543
18	1595231129
19	446577898
20	679405070
21	1455520616
22	345527682
23	1455521205
24	045146317X
25	307408841
26	316018724
27	743296435
28	067443000X
29	312383282
30	743270428
31	446573019
32	399157212
33	345531051
34	345546881
35	553807056
36	425247546
37	399158618
38	316097497
39	425222195
40	141659518X
41	147674906X
42	316228532
43	1401324436
44	743296419
45	312600844
46	1400069807
47	441020313
48	525952926
49	1455559822
50	399170898
51	399155848
52	1439197512
53	525951652
54	553801473
55	385344341
56	525953485
57	1594633665
58	316204366
59	307959473
60	316407046
61	1451658907
62	307592731
63	030758836X
64	399162372
65	1596986247
66	399155341
67	399163840
68	031621129X
69	1439176191
70	670024783
71	1451668945
72	141654383X
73	316018783
74	399158820
75	307273571
76	140006712X
77	61992704
78	385340567
79	1416570861
80	425241130
81	399160450
82	446195502
83	399155678
84	038553082X
85	044654759X
86	316018708
87	451235843
88	385504225
89	1451668864
90	1621573133
91	62290797
92	446547654
93	345518519
94	1594205116
95	316211230
96	670023485
97	446564087
98	446539252
99	031621082X
100	804138141
101	1416571760
102	1439173249
103	316097543
104	385344317
105	399158278
106	1400067650
107	316198730
108	385346875
109	804140847
110	1439155208
111	393072231
112	399157697
113	316405345
114	162157203X
115	1451657498
116	044101819X
117	031603617X
118	1476727651
119	756404738
120	399157689
121	316143472
122	553447785
123	1596987782
124	743294297
125	045146379X
126	1439172498
127	345530888
128	140006760X
129	312655479
130	345542967
131	374166854
132	399155686
133	399158308
134	1250038820
135	553807714
136	804178771
137	1416595201
138	1476754454
139	1586485563
140	006232005X
141	525955097
142	399156585
143	399157239
144	446580848
145	1455582271
146	1439172269
147	316069485
148	385535147
149	159523067X
150	525953094
151	399155163
152	399176608
153	399167064
154	316036226
155	316154695
156	62073168
157	446573108
158	385537131
159	345542886
160	307268195
161	385344430
162	312609809
163	316407062
164	031603438X
165	307460983
166	1455521213
167	525952276
168	399157034
169	385517831
170	316211176
171	62409859
172	316069353
173	374158460
174	312362153
175	312349513
176	031640702X
177	316089516
178	1101965495
179	1250022061
180	316024759
181	316036218
182	345499026
183	1451627289
184	1596987855
185	451464400
186	1627795073
187	525427651
188	030726999X
189	62320130
190	1476726094
191	385344333
192	1605292885
193	1439177171
194	525953493
195	385354282
196	1476770387
197	385532458
198	399157786
199	044654695X
200	316407054
201	1455520659
202	110188696X
203	1400067669
204	312383304
205	1416562850
206	1501100076
207	399157042
208	1451606303
209	765325950
210	1250061628
211	1401324258
212	765325942
213	034551176X
214	039915597X
215	425229734
216	052595158X
217	525952586
218	525951059
219	425223434
220	805095152
221	038541305X
222	451417054
223	385349173
224	62294377
225	62082353
226	345539842
227	316097365
228	805093079
229	1439102767
230	1416563067
231	399154914
232	61957933
233	446547565
234	441018645
235	1416598065
236	316018775
237	451462564
238	425227723
239	1476783454
240	316410985
241	316206849
242	385349947
243	316211044
244	670025593
245	805062904
246	786868724
247	316043001
248	441020011
249	62009281
250	140006922X
251	399158987
252	525953728
253	743294386
254	399157441
255	1596981091
256	670015679
257	805098542
258	385352107
259	61939897
260	081299325X
261	61474096
262	316069418
263	316211125
264	316056863
265	006177104X
266	446407410
267	345495144
268	385528043
269	141659521X
270	1439184305
271	345528816
272	307594882
273	399156577
274	525952063
275	446580856
276	399155481
277	076793136X
278	1439148503
279	1501111671
280	307408868
281	080509668X
282	399175954
283	1455521191
284	61733636
285	399155171
286	399159304
287	1416595015
288	765326361
289	316036277
290	399157301
291	1401322786
292	1416950737
293	345527712
294	039916443X
295	385535139
296	553807145
297	553807722
298	553805371
299	553805096
300	316166308
301	1476745374
302	765327724
303	517580519
304	62265423
305	399156240
306	345542924
307	1476751447
308	399157913
309	441017150
310	1455599735
311	446584711
312	399168796
313	399159894
314	312577206
315	081298840X
316	316210919
317	62268341
318	385527403
319	1400064163
320	1627792414
321	193700788X
322	1476728747
323	307394867
324	446533424
325	1250058902
326	393244660
327	1439102740
328	385537859
329	62073125
330	307269981
331	1476717125
332	345527747
333	544272994
334	399160132
335	385344325
336	804178747
337	316206822
338	446195529
339	316097519
340	316055433
341	1400067693
342	1439102414
343	451239350
344	345544927
345	307590615
346	1937007448
347	044657922X
348	316166294
349	451464397
350	446554987
351	765302306
352	399160477
353	316017922
354	385536070
355	385340583
356	446579939
357	385526563
358	446552445
359	399167455
360	345530918
361	1451629184
362	1476746583
363	1451648537
364	1455576425
365	044658083X
366	62369288
367	62218336
368	399157700
369	553807749
370	052595418X
371	316206873
372	316211079
373	399157816
374	399156496
375	307461351
376	1400052173
377	399159460
378	61997161
379	1416558977
380	1476730628
381	1501117696
382	1451651104
383	1451693478
384	670022128
385	525953507
386	316200603
387	61429252
388	399167315
389	1439102724
390	399155392
391	385347405
392	399167293
393	399588639
394	1451614217
395	399159010
396	399162380
397	446569895
398	547928173
399	1439192561
400	1416954120
401	62010964
402	039915731X
403	451233166
404	375414967
405	399158081
406	1101874082
407	399184414
408	1594202842
409	044657788X
410	399156119
411	307985989
412	804136637
413	385526393
414	385528264
415	1400069343
416	307353486
417	312380720
418	399155228
419	62112031
420	307272583
421	312554168
422	1416563083
423	441019714
424	1594205876
425	140006872X
426	61950718
427	316036234
428	1627790527
429	374203059
430	1250010071
431	1476773955
432	525429565
433	399170863
434	034553283X
435	425234339
436	393081818
437	307461181
438	1455501476
439	446539864
440	031264065X
441	812993802
442	312554192
443	61969656
444	1602862567
445	1591848040
446	441017835
447	052595225X
448	451417070
449	385535597
450	1101902752
451	307593312
452	399161309
453	1416595163
454	1439187193
455	1400069483
456	767932307
457	399155279
458	399159126
459	038553826X
460	670022411
461	399158022
462	316097446
463	451229851
464	61231401
465	1455521310
466	1451648448
467	030735346X
468	316036269
469	399162496
470	1594206279
471	1621572676
472	345504984
473	345505719
474	1439115303
475	62114042
476	399156135
477	1476714789
478	1455586420
479	316225932
480	1400069289
481	984504176
482	1451617755
483	345484142
484	034553106X
485	1416549129
486	670026557
487	553391135
488	62311077
489	1596987774
490	670021156
491	61547751
492	399155651
493	1416563105
494	61767891
495	62308254
496	393081575
497	1476717095
498	1250010098
499	031609756X
500	520267192
501	1401340903
502	1591848067
503	1476762627
504	446580295
505	446573051
506	316068047
507	1439191050
508	61929379
509	425256766
510	399167447
511	1455584908
512	525952969
513	399159312
514	62372106
515	1416587624
516	756410436
517	743294270
518	62295896
519	1476766231
520	316097462
521	61718947
522	553391925
523	375424490
524	399156399
525	312655460
526	031609739X
527	1596980907
528	1400063256
529	345533488
530	1416563687
531	446556246
532	111845295X
533	62242717
534	425269515
535	081299499X
536	316018740
537	385349831
538	385522266
539	805098208
540	62010972
541	374239215
542	62072188
543	399157115
544	446539821
545	525952764
546	1596985968
547	345509226
548	316211222
549	1591844754
550	446583146
551	399160663
552	61138061
553	399157387
554	345528921
555	374288909
556	316225886
557	525952861
558	385343205
559	042525674X
560	1416563725
561	62135120
562	778312690
563	399157344
564	1401303382
565	312651317
566	385342454
567	399161775
568	1401341241
569	1451669038
570	60889578
571	399157425
572	385534639
573	1416580514
574	399157077
575	316199869
576	1455557560
577	316210684
578	399162925
579	61957895
580	159463176X
581	316069434
582	767928822
583	006232540X
584	812992784
585	345495934
586	1401301614
587	1594205736
588	446585181
589	316407011
590	399155988
591	1592404456
592	399157360
593	62030310
594	039306235X
595	307270777
596	446553972
597	399155295
598	786949643
599	385526342
600	399160671
601	385344228
602	385524064
603	62049801
604	61784796
605	039917334X
606	446554960
607	399155953
608	399164421
609	1250077001
610	345504968
611	553807730
612	316207047
613	307272591
614	399156259
615	61924687
616	316210986
617	1451636016
618	385351852
619	312577214
620	1250060990
621	1592403611
622	1476764743
623	385535376
624	006212532X
625	031255561X
626	1476764026
627	1250022088
628	805090037
629	62305190
630	316407038
631	385340303
632	1400067685
633	031621115X
634	62217208
635	399161481
636	62414216
637	006208397X
638	345509102
639	1451628315
640	345520483
641	525426590
642	316349933
643	1594204217
644	1439180962
645	1400068924
646	1594204403
647	1455525774
648	1594203342
649	441016766
650	159420229X
651	61138010
652	307463575
653	399164448
654	034552893X
655	1414339437
656	312348673
657	425241971
658	62007289
659	385340990
660	316166316
661	385528701
662	1400043603
663	425270793
664	1592406122
665	446561932
666	312651228
667	145164311X
668	446585025
669	385343213
670	62325345
671	307272400
672	1451635087
673	1400065755
674	804140413
675	045123023X
676	1476785651
677	1451617720
678	385341636
679	345515633
680	1595230629
681	345522397
682	1455536113
683	61769525
684	039915826X
685	1250034485
686	316400734
687	375424504
688	312577222
689	399155783
690	1451697244
691	399157573
692	1455578452
693	345484207
694	812994868
695	143915385X
696	61784818
697	399160779
698	1400064759
699	345523474
700	1416586571
701	670022209
702	399157867
703	399156879
704	399170871
705	044656432X
706	039308180X
707	316069515
708	399164162
709	446583979
710	61138037
711	307962520
712	1501115413
713	316176486
714	805091742
715	1101875100
716	1101874279
717	1451659261
718	345539931
719	62223062
720	1250034515
721	1439136637
722	385539002
723	316075841
724	316001929
725	62132520
726	385343191
727	030727103X
728	030737839X
729	62301233
730	446562424
731	042523567X
732	399174060
733	61784788
734	345545877
735	399156437
736	399155031
737	307265749
738	446564370
739	312652917
740	62190377
741	1439177783
742	1416938745
743	1476716692
744	145163806X
745	345515501
746	141654786X
747	446546933
748	147671715X
749	1594206562
750	145550145X
751	441019730
752	307269833
753	038534905X
754	312546564
755	316250813
756	345509064
757	62124269
758	62127241
759	141658661X
760	62011847
761	316406996
762	307595110
763	1451607296
764	446581194
765	399176764
766	159523103X
767	345505697
768	399154973
769	080509329X
770	425236595
771	1439172803
772	307700666
773	62136747
774	1455504211
775	61779741
776	1594206147
777	61430625
778	345505751
779	385532946
780	688163181
781	1400065674
782	446195510
783	805088156
784	1594488932
785	61967556
786	1439102392
787	374275637
788	670024813
789	316322407
790	030726579X
791	62241451
792	307959759
793	307959856
794	62196693
795	345543084
796	039917088X
797	61961272
798	310289025
799	081299342X
800	145162607X
801	307888754
802	61988448
803	031269945X
804	1400066123
805	804139210
806	399155155
807	1416591052
808	385338309
809	399156801
810	767919408
811	345505514
812	1439102430
813	1605290750
814	670031607
815	1250019834
816	312651619
817	553804863
818	60883529
819	031609983X
820	1595230947
821	385539703
822	385536828
823	312380755
824	158542935X
825	307352145
826	61993999
827	385343221
828	399157530
829	145558116X
830	1439127700
831	345530942
832	345505670
833	805092994
834	1451628188
835	345509129
836	312546599
837	62238396
838	081299695X
839	399156836
840	1451681739
841	446563080
842	805095837
843	399156763
844	345505735
845	399155473
846	778329836
847	385343159
848	1250067057
849	399169113
850	385340257
851	081299339X
852	307378403
853	62330268
854	62107313
855	62351427
856	399167323
857	399156909
858	385531389
859	399157565
860	544272889
861	1594205191
862	1455517062
863	812992946
864	399157263
865	345534182
866	1451661509
867	1451662432
868	307987302
869	62346229
870	125000098X
871	385539282
872	385343140
873	399164154
874	399154183
875	1439191824
876	61578916
877	61160881
878	61977969
879	1501115634
880	802123414
881	345534522
882	345495136
883	1586489127
884	670026328
885	399158812
886	147670869X
887	141659910X
888	399159266
889	1400066212
890	399157557
891	1401324312
892	385513534
893	345526511
894	1400069696
895	62015540
896	1596981008
897	1439158584
898	399156429
899	385535309
900	312567456
901	1250024978
902	786962232
903	345500776
904	61490148
905	312579977
906	1616082267
907	399155333
908	399169156
909	385351836
910	307266303
911	316065781
912	345528506
913	525954570
914	670024856
915	385342063
916	316036315
917	525954333
918	399155945
919	743290119
920	1439180911
921	1400067111
922	1439101191
923	039917575X
924	345526570
925	1621572552
926	399157328
927	60888741
928	399169164
929	039915714X
930	312380828
931	385343167
932	399157433
933	307265722
934	805091203
935	1439187312
936	374187614
937	62294415
938	61628018
939	1627792287
940	61719544
941	125001011X
942	60393491
943	399159878
944	765327740
945	312655452
946	1439187207
947	345509080
948	525953078
949	159420411X
950	307269752
951	1439192987
952	307267679
953	307463125
954	786958421
955	60548924
956	61845450
957	312364121
958	345544013
959	1455525839
960	804137250
961	307265633
962	670020745
963	1451666136
964	399172920
965	62049607
966	1250029880
967	765317680
968	399158863
969	778326438
970	1455527203
971	62213652
972	307273563
973	399163832
974	307595609
975	743292510
976	385530900
977	62311115
978	60590319
979	1594202834
980	1596986255
981	1594632960
982	1400063841
983	62220551
984	399173323
985	385538731
986	345528840
987	034551162X
988	006229069X
989	1476728208
990	1594201862
991	393064662
992	61941026
993	1595230548
994	399160760
995	1401341454
996	385343175
997	1101875046
998	441020038
999	425269027
1000	670022047
1001	034551128X
1002	670021725
1003	399156232
1004	670021253
1005	804138591
1006	1416594884
1007	039916250X
1008	007181695X
1009	385342020
1010	1501137964
1011	399156445
1012	451234154
1013	038551705X
1014	399171274
1015	316547700
1016	61493341
1017	1416550402
1018	1451687869
1019	1451664125
1020	1455582433
1021	1591843456
1022	553807153
1023	1594204802
1024	61351504
1025	547564651
1026	1400065747
1027	1594201978
1028	767919386
1029	307379051
1030	60852577
1031	1455502758
1032	345484177
1033	307264238
1034	160641951X
1035	1595551565
1036	812997573
1037	031265121X
1038	399157824
1039	1501135104
1040	345506898
1041	125001980X
1042	1476710767
1043	1416594787
1044	312583214
1045	1605297852
1046	399155961
1047	399156534
1048	1594203474
1049	399160752
1050	1476783667
1051	307395774
1052	312364423
1053	670025291
1054	399156011
1055	1416556249
1056	307716988
1057	765335999
1058	1451647018
1059	812994264
1060	385344414
1061	1416547908
1062	61257095
1063	778327809
1064	1595230734
1065	316099759
1066	61961299
1067	802123538
1068	525954546
1069	156858671X
1070	765321564
1071	61779768
1072	1451628293
1073	425255662
1074	1596985666
1075	1594486255
1076	1451697384
1077	61779725
1078	684808277
1079	1416548521
1080	1618580051
1081	307887464
1082	1451628005
1083	312364105
1084	006225071X
1085	230342116
1086	345543041
1087	307594173
1088	1455503126
1089	1250019982
1090	1250019672
1091	670025852
1092	1137278781
1093	1455525898
1094	399159088
1095	385527209
1096	399167307
1097	1451664168
1098	399173358
1099	525426930
1100	038534662X
1101	045146365X
1102	385526261
1103	044655393X
1104	805093990
1105	1586175009
1106	1594204780
1107	006195795X
1108	385340265
1109	145164020X
1110	1455581127
1111	1594205868
1112	385538030
1113	162779073X
1114	553391798
1115	316403555
1116	1941393268
1117	399174680
1118	1250056233
1119	804138532
1120	1451642040
1121	399155805
1122	030758786X
1123	316034045
1124	553807250
1125	61246263
1126	374280991
1127	679444327
1128	312642695
1129	1250040159
1130	385529376
1131	1594202613
1132	62109758
1133	385517882
1134	385342047
1135	1455533769
1136	1439191379
1137	399171754
1138	1455501557
1139	1401943411
1140	034552361X
1141	451468686
1142	345545931
1143	312642717
1144	425255700
1145	385528191
1146	1439184496
1147	62200577
1148	1416599142
1149	316038393
1150	451466802
1151	399155007
1152	1594486298
1153	345543858
1154	385343183
1155	62303996
1156	62049577
1157	61692042
1158	1451648138
1159	399157840
1160	399157336
1161	61957917
1162	1451635834
1163	446537519
1164	1400067553
1165	385353774
1166	1594487871
1167	034550075X
1168	61348139
1169	385340273
1170	316079928
1171	1594202249
1172	039915986X
1173	1451620691
1174	034550691X
1175	145161778X
1176	399157654
1177	307378411
1178	1451695187
1179	006178480X
1180	446540943
1181	525954678
1182	1400069556
1183	385533411
1184	385529988
1185	670025445
1186	1455532703
1187	547573146
1188	039306901X
1189	385346999
1190	307394972
1191	670023655
1192	1101903821
1193	1476706417
1194	385523238
1195	307960498
1196	1439128243
1197	809094665
1198	758280343
1199	1608325814
1200	031609966X
1201	62322842
1202	399156267
1203	1451649320
1204	1476763127
1205	446573256
1206	61836923
1207	1476744831
1208	316176532
1209	812992970
1210	1439128294
1211	1451677871
1212	345495969
1213	345486560
1214	553391887
1215	1401310400
1216	1455512613
1217	385344058
1218	1594202346
1219	1934781630
1220	1250045444
1221	1594202656
1222	1476763305
1223	307718123
1224	385533020
1225	62132563
1226	670021334
1227	1476763534
1228	345526546
1229	345541405
1230	307271862
1231	316334529
1232	312651325
1233	547250258
1234	385527721
1235	307700232
1236	374173257
1237	307587878
1238	399155996
1239	1400065933
1240	345530411
1241	1400069106
1242	525953019
1243	62061844
1244	385350287
1245	307377903
1246	1439199353
1247	62193643
1248	553807137
1249	553447432
1250	1439172560
1251	399155414
1252	1594205965
1253	1439102252
1254	393247686
1255	399157379
1256	1400065941
1257	525958002
1258	1416586598
1259	1451661061
1260	670014893
1261	160239802X
1262	60565284
1263	1476758794
1264	61374261
1265	345539818
1266	804136750
1267	385530803
1268	147675666X
1269	1936488299
1270	62072226
1271	385523920
1272	145162803X
1273	143116428
1274	312384394
1275	307700186
1276	1416563814
1277	1476749116
1278	399161759
1279	1602860866
1280	60873027
1281	1455522740
1282	393068471
1283	145551604X
1284	312358342
1285	765378574
1286	399155198
1287	1591846773
1288	670021474
1289	140006788X
1290	039915566X
1291	1595230998
1292	1455525928
1293	470553731
1294	1439165394
1295	61373311
1296	1451620748
1297	525954457
1298	425268330
1299	62314963
1300	147675571X
1301	345528891
1302	399159843
1303	1250078970
1304	316098752
1305	345501551
1306	385343833
1307	1401324819
1308	307593495
1309	61727679
1310	399158030
1311	393240185
1312	61730416
1313	812993845
1314	345497945
1315	1250065933
1316	006227645X
1317	399157085
1318	1594204233
1319	316126691
1320	525953612
1321	1594204047
1322	61348171
1323	307886263
1324	307272222
1325	399157514
1326	670026468
1327	679456724
1328	399156631
1329	307911543
1330	425252868
1331	399159509
1332	1594487367
1333	393244814
1334	038553292X
1335	1439169217
1336	61351520
1337	62316095
1338	399165142
1339	1400069491
1340	312381042
1341	345537262
1342	385353928
1343	1416585834
1344	1416545182
1345	62106066
1346	525952977
1347	1451620829
1348	147673075X
1349	385350864
1350	62365614
1351	61256803
1352	145161781X
1353	62134671
1354	307595129
1355	080509346X
1356	1501108557
1357	345523504
1358	345527356
1359	1250029465
1360	1476746079
1361	525954562
1362	312651236
1363	039917124X
1364	670022241
1365	1594634475
1366	316099783
1367	553807986
1368	316201642
1369	031623480X
1370	425255808
1371	758234937
1372	61969702
1373	030791156X
1374	345501535
1375	307463699
1376	1439140634
1377	758280378
1378	743276744
1379	399158162
1380	544217624
1381	1593157207
1382	679456201
1383	312651201
1384	399161643
1385	316132942
1386	767928849
1387	825307449
1388	1439156336
1389	802120342
1390	031253955X
1391	547569653
1392	1455501514
1393	553392719
1394	385521227
1395	307269876
1396	006621131X
1397	1476702713
1398	62207385
1399	125000635X
1400	399158138
1401	812993101
1402	778325911
1403	1400064945
1404	052595130X
1405	345521307
1406	1414319703
1407	62132466
1408	307957241
1409	743437209
1410	770437850
1411	62415832
1412	006226740X
1413	1476782415
1414	61859303
1415	345527380
1416	1594489998
1417	399155864
1418	61257079
1419	425255719
1420	871404095
1421	374280606
1422	1594633118
1423	345541375
1424	1476790221
1425	61147710
1426	307730697
1427	345545311
1428	1594202990
1429	345531361
1430	446195979
1431	031260369X
1432	61558265
1433	802121012
1434	1416549978
1435	307957136
1436	399156461
1437	316410977
1438	1250027659
1439	385351399
1440	1620401398
1441	61348155
1442	312583206
1443	1250095891
1444	62398083
1445	743281640
1446	039917351X
1447	1455581089
1448	1439165319
1449	006211946X
1450	345509161
1451	385342608
1452	1416562451
1453	374299048
1454	399167250
1455	055380801X
1456	147670354X
1457	1416586288
1458	765326353
1459	399174664
1460	61856436
1461	039916149X
1462	385534795
1463	61779784
1464	1439138176
1465	1400067383
1466	1476789630
1467	1439172951
1468	805080686
1469	080211928X
1470	385540612
1471	399158316
1472	044101769X
1473	345530977
1474	399155406
1475	62196243
1476	451226380
1477	765330423
1478	61690317
1479	399164731
1480	1439102457
1481	62071475
1482	812993012
1483	1455536342
1484	385351372
1485	307986969
1486	307588335
1487	525952039
1488	62060554
1489	1401324029
1490	1451635117
1491	61230944
1492	802122647
1493	345497627
1494	031238078X
1495	345501578
1496	1617732168
1497	1250083974
1498	345509188
1499	1414319312
1500	670021040
1501	61624764
1502	1451640218
1503	1401323529
1504	849948363
1505	316045608
1506	345544048
1507	1439199582
1508	399155694
1509	1594203334
1510	307888878
1511	316074233
1512	399158294
1513	038553695X
1514	1451647034
1515	812996410
1516	399155422
1517	61173932
1518	60004878
1519	385492723
1520	1594203075
1521	385531400
1522	1501116444
1523	345531795
1524	399160205
1525	1594202664
1526	1416550038
1527	1601427557
1528	399162577
1529	399159738
1530	312614586
1531	399156194
1532	61242993
1533	312368119
1534	307463451
1535	446550000
1536	1400064805
1537	61558222
1538	1451626118
1539	1451661215
1540	374102414
1541	1602861765
1542	316098337
1543	006199104X
1544	385344031
1545	345527410
1546	1400067898
1547	679643753
1548	425256758
1549	385350570
1550	316185361
1551	345531000
1552	1476707626
1553	767928350
1554	812993403
1555	345511344
1556	62319752
1557	1439152802
1558	316049107
1559	031605349X
1560	038553941X
1561	765378558
1562	1402785925
1563	446554995
1564	441018688
1565	804179077
1566	1476714541
1567	1250007135
1568	345509145
1569	1401324800
1570	385340281
1571	1594203970
1572	052595192X
1573	307700313
1574	385538057
1575	385343132
1576	670021873
1577	052595144X
1578	1476752990
1579	052595421X
1580	399158146
1581	61227331
1582	1250020204
1583	158333467X
1584	1594487979
1585	006223062X
1586	1596985550
1587	385528787
1588	141431163X
1589	1101875550
1590	307957276
1591	62015532
1592	1439110077
1593	385352123
1594	1439187673
1595	374298637
1596	1594487154
1597	1401324444
1598	1476725950
1599	1400068789
1600	1439170258
1601	60004908
1602	385349912
1603	670021601
1604	1936488574
1605	345512065
1606	804139571
1607	1118799941
1608	312591845
1609	055341996X
1610	399164766
1611	399164146
1612	451232615
1613	765321548
1614	312546610
1615	316734918
1616	1400064589
1617	385337515
1618	399157875
1619	62333933
1620	61697168
1621	1439160406
1622	307717372
1623	039915521X
1624	451226801
1625	765332000
1626	1476733767
1627	802124801
1628	345531043
1629	385524285
1630	399159215
1631	446581895
1632	385523211
1633	1416549994
1634	385349580
1635	61239224
1636	399156127
1637	385343663
1638	006244428X
1639	399174117
1640	375423729
1641	1439187711
1642	316059862
1643	60746769
1644	385528779
1645	1455527440
1646	1568586434
1647	345506936
1648	1400067820
1649	399156852
1650	044653224X
1651	1594204993
1652	670023779
1653	1400066115
1654	1591845734
1655	62250949
1656	1455517135
1657	307957128
1658	765323974
1659	758211848
1660	544103343
1661	765323982
1662	345517199
1663	374272603
1664	670022314
1665	345505492
1666	385518366
1667	1501144235
1668	670021113
1669	039324721X
1670	345543122
1671	1416566384
1672	1101875895
1673	62206281
1674	525953086
1675	1451668724
1676	316204277
1677	030740787X
1678	1939529220
1679	076531505X
1680	385529880
1681	1416562176
1682	1591845114
1683	60539186
1684	399154981
1685	307267148
1686	006185929X
1687	307595862
1688	307594165
1689	345528204
1690	399169121
1691	345547497
1692	307268969
1693	312533780
1694	61990639
1695	1250020026
1696	743278933
1697	399155937
1698	1451685718
1699	399156208
1700	1592406521
1701	446527874
1702	525950974
1703	399155023
1704	399173803
1705	425230155
1706	61231428
1707	1101983795
1708	034553087X
1709	1594205418
1710	375507485
1711	62368338
1712	670018856
1713	159315481X
1714	62131729
1715	805087729
1716	60798718
1717	1250019699
1718	61960586
1719	312351666
1720	425277356
1721	307453421
1722	1439150222
1723	307266397
1724	345505476
1725	385520344
1726	1594633177
1727	1455503258
1728	446538159
1729	147675361X
1730	61713244
1731	385353405
1732	038534824X
1733	1401324517
1734	312341814
1735	316247766
1736	62134701
1737	1501116975
1738	399155910
1739	61558230
1740	145161747X
1741	553808036
1742	446539813
1743	1455583634
1744	385349963
1745	345486544
1746	1439129177
1747	399156747
1748	159420232X
1749	1414319355
1750	1439136610
1751	393079422
1752	399156275
1753	61438456
1754	805082166
1755	1439150036
1756	393239357
1757	307453278
1758	385352549
1759	1594205469
1760	553807994
1761	1591845505
1762	345528875
1763	307956350
1764	385515510
1765	553807234
1766	1596986034
1767	1416554440
1768	553804545
1769	345528697
1770	039917432X
1771	1594489947
1772	1451661444
1773	525427201
1774	312614578
1775	1501119796
1776	1594202508
1777	316224588
1778	307960471
1779	670021261
1780	61731153
1781	1451684932
1782	770436145
1783	312567243
1784	446564443
1785	1451695993
1786	446540331
1787	345485793
1788	399156488
1789	312376316
1790	312368151
1791	1451608217
1792	1400067928
1793	052595161X
1794	61257052
1795	1439136823
1796	159448841X
1797	1250055806
1798	159995334X
1799	399171940
1800	385342322
1801	525954554
1802	525952640
1803	770433243
1804	1937856402
1805	61988340
1806	1476710791
1807	1476765073
1808	1451698097
1809	871404230
1810	045122986X
1811	307269914
1812	385354193
1813	316008958
1814	1439171211
1815	399156828
1816	054742485X
1817	62292889
1818	399159347
1819	1101990260
1820	374292086
1821	670025194
1822	399157026
1823	385344406
1824	374281092
1825	399158448
1826	1594488843
1827	399165274
1828	60548940
1829	1476783896
1830	446548154
1831	61791644
1832	081299891X
1833	1451642229
1834	977326411
1835	61961175
1836	812992857
1837	425242099
1838	006202423X
1839	345516532
1840	743236718
1841	1439114080
1842	61147958
1843	767927567
1844	547577532
1845	399159746
1846	61766720
1847	046502954X
1848	031258752X
1849	307701220
1850	553807242
1851	1621573737
1852	385348150
1853	399155503
1854	62067842
1855	525952632
1856	316043877
1857	1416563709
1858	034551064X
1859	1594203768
1860	1250049377
1861	61930237
1862	62248472
1863	385343302
1864	385344422
1865	054705484X
1866	006075401X
1867	802120237
1868	399165126
1869	1451626096
1870	1401324134
1871	399157050
1872	786963719
1873	1594201927
1874	553807218
1875	1400066034
1876	525952020
1877	054784865X
1878	805093389
1879	030740515X
1880	399159495
1881	399170847
1882	62120395
1883	1594746370
1884	312567464
1885	670023345
1886	385341059
1887	1594488010
1888	761177450
1889	045123801X
1890	670026115
1891	385353308
1892	316185396
1893	1414334060
1894	307377334
1895	1250028655
1896	307264785
1897	345539478
1898	1451659164
1899	034551548X
1900	399156046
1901	1455502774
1902	1414333072
1903	805079882
1904	1476731497
1905	525950699
1906	399156917
1907	786963646
1908	312380348
1909	618620117
1910	1416533168
1911	375409289
1912	081299289X
1913	1476769893
1914	1591843634
1915	1416544208
1916	1455515035
1917	1250040493
1918	345543165
1919	345521080
1920	1401324568
1921	1451673280
1922	1935071874
1923	307700321
1924	1400069831
1925	446504122
1926	1400064996
1927	374128952
1928	1250029945
1929	307718921
1930	1501119109
1931	375505105
1932	1400069742
1933	1250033799
1934	62136151
1935	399158952
1936	1594204098
1937	399159096
1938	1599951959
1939	307338770
1940	544115899
1941	62135252
1942	399157352
1943	147673190X
1944	61778141
1945	1250004470
1946	1451613946
1947	1594631573
1948	1594202028
1949	312359322
1950	316231436
1951	1439192952
1952	385350880
1953	307269183
1954	805091343
1955	1594202273
1956	307459683
1957	61230901
1958	62002767
1959	312611617
1960	374228442
1961	039915972X
1962	385521707
1963	1594201994
1964	385526350
1965	812994523
1966	446564745
1967	670021202
1968	1400043581
1969	547225474
1970	62270486
1971	1592405509
1972	1591843820
1973	375504877
1974	307955575
1975	312368089
1976	1476732329
1977	055380670X
1978	470474238
1979	425248305
1980	1401324797
1981	385352859
1982	62136585
1983	307405850
1984	399161570
1985	547273428
1986	61732370
1987	778325504
1988	307592235
1989	1416537325
1990	034546933X
1991	1476745005
1992	1451628587
1993	307594084
1994	765321556
1995	62311239
1996	052595399X
1997	618968415
1998	525426582
1999	1501112317
2000	1439170312
2001	1400069629
2002	1439130728
2003	307719308
2004	385534442
2005	385532725
2006	399174672
2007	670020486
2008	307718964
2009	1451638698
2010	670025941
2011	765315033
2012	765317699
2013	1416533184
2014	052595032X
2015	553805541
2016	1451691548
2017	399169458
2018	006123088X
2019	61731161
2020	1416534075
2021	62238469
2022	1451654421
2023	1439107955
2024	61969788
2025	61928127
2026	1401323715
2027	1416541527
2028	767926277
2029	031607991X
2030	812993926
2031	1439190135
2032	758225644
2033	399166300
2034	312567251
2035	61706558
2036	804137897
2037	451492935
2038	679439072
2039	62279386
2040	1592401422
2041	743266242
2042	446509337
2043	553807226
2044	62240595
2045	1451693591
2046	1101875283
2047	385352034
2048	1400066409
2049	310318963
2050	670020419
2051	1250020042
2052	1501110721
2053	312546343
2054	61926515
2055	345522028
2056	1250000971
2057	62202618
2058	345549198
2059	1250010020
2060	316376116
2061	804139024
2062	385534817
2063	441015891
2064	62323199
2065	465018807
2066	670021644
2067	307719693
2068	805087745
2069	039915681X
2070	1594486638
2071	61160873
2072	006213115X
2073	399165894
2074	765317583
2075	61691399
2076	1620408937
2077	1400066247
2078	1401323235
2079	385524072
2080	1476704643
2081	525952780
2082	312547749
2083	345497929
2084	61969672
2085	1594488398
2086	052595239X
2087	052595452X
2088	1250083311
2089	159420537X
2090	385538898
2091	399165150
2092	1451694148
2093	385533039
2094	61702560
2095	670026263
2096	62343262
2097	151014892
2098	312547730
2099	143917282X
2100	1594202710
2101	765312948
2102	1439154775
2103	345523539
2104	553418777
2105	307719219
2106	385523882
2107	812998685
2108	62045032
2109	399158413
2110	1414336241
2111	1451647050
2112	307263991
2113	786952334
2114	087113988X
2115	145162445X
2116	312368127
2117	1455547220
2118	62225790
2119	446580821
2120	670026093
2121	1416580557
2122	1592407552
2123	62270516
2124	393244075
2125	758234910
2126	1400065453
2127	1451673213
2128	393071014
2129	670020346
2130	374280304
2131	399155716
2132	067002581X
2133	1596985879
2134	812993861
2135	042527733X
2136	758234899
2137	1594488878
2138	525954848
2139	1451656033
2140	316037702
2141	345511328
2142	316227706
2143	399158588
2144	399169466
2145	399157859
2146	553391151
2147	61239240
2148	1501110993
2149	1594488584
2150	1476765111
2151	544323521
2152	150111235X
2153	61990612
2154	307962334
2155	62320408
2156	1455501352
2157	147674923X
2158	393064476
2159	525954600
2160	525954422
2161	312588895
2162	451463528
2163	1451645678
2164	385533926
2165	425263150
2166	159474713X
2167	1439140219
2168	62133438
2169	1595230769
2170	446564478
2171	525950923
2172	147671777X
2173	62271601
2174	547840055
2175	1400063973
2176	1439150001
2177	316185906
2178	307595854
2179	61727660
2180	61995037
2181	1451645600
2182	1451645163
2183	425271447
2184	312385188
2185	1250027705
2186	145161036X
2187	553804332
2188	1401322905
2189	684872986
2190	312593309
2191	1400067014
2192	1401323847
2193	1594201455
2194	1594747156
2195	375424040
2196	345506189
2197	1476763798
2198	1400068312
2199	1416591478
2200	525953876
2201	1401323022
2202	1414318634
2203	1451674775
2204	316051640
2205	052595242X
2206	679644059
2207	61650757
2208	525427996
2209	1414368186
2210	307596907
2211	758210221
2212	385354045
2213	393088693
2214	1591842735
2215	547746725
2216	312323573
2217	802120075
2218	778314936
2219	62429051
2220	345546830
2221	1414334095
2222	805077928
2223	62089234
2224	385536615
2225	525951768
2226	786865652
2227	1416544623
2228	812993683
2229	399158685
2230	373773781
2231	1476753652
2232	1594487138
2233	345521226
2234	62065246
2235	1451628684
2236	312354630
2237	1594201919
2238	756406609
2239	670025771
2240	812993144
2241	345500679
2242	307957934
2243	1594205221
2244	446527890
2245	345545966
2246	345521277
2247	045146415X
2248	399165959
2249	1101947411
2250	1250014549
2251	031261456X
2252	1594205345
2253	385535937
2254	307957233
2255	1439187002
2256	034552554X
2257	1451628501
2258	1476725160
2259	1451646968
2260	375425144
2261	425258742
2262	62067753
2263	307959945
2264	61974323
2265	62114867
2266	670022705
2267	1401324827
2268	046502811X
2269	1455517151
2270	399161589
2271	743277023
2272	1439133611
2273	1400069262
2274	038552501X
2275	61711527
2276	307346528
2277	1250052017
2278	034550898X
2279	1451617054
2280	525953892
2281	446583251
2282	451464761
2283	812993152
2284	1416576576
2285	425256227
2286	812998405
2287	1451626207
2288	1476798842
2289	399176950
2290	446572470
2291	1416550763
2292	446539708
2293	1400040159
2294	446583855
2295	312567472
2296	1594202397
2297	046501948X
2298	871407868
2299	670022594
2300	307407926
2301	385524943
2302	62349376
2303	307393879
2304	446527955
2305	1416587853
2306	1250036135
2307	61988243
2308	1594632022
2309	979047080
2310	312372655
2311	1439149380
2312	1400043530
2313	1451654405
2314	374299102
2315	385537301
2316	1416550747
2317	1579127495
2318	451462904
2319	1594203180
2320	316342513
2321	140006709X
2322	62238493
2323	1416595619
2324	61537934
2325	61733148
2326	1400069599
2327	399156844
2328	1594205701
2329	345536665
2330	446573647
2331	345509625
2332	316219363
2333	1250029910
2334	312591063
2335	1439191158
2336	61256684
2337	385533853
2338	1592406890
2339	1594202230
2340	307353753
2341	446546267
2342	1476727775
2343	399171177
2344	758280408
2345	60837381
2346	385537603
2347	61774154
2348	1401323138
2349	1451617526
2350	316074314
2351	316032220
2352	1250050936
2353	345511387
2354	670022713
2355	393087727
2356	312651244
2357	1439156417
2358	1416551735
2359	006229721X
2360	1937856380
2361	786955007
2362	141659907X
2363	451416155
2364	802119921
2365	670022691
2366	670021032
2367	1250019990
2368	1400066514
2369	465028284
2370	61161705
2371	399165134
2372	525954287
2373	553392425
2374	399160795
2375	1101903457
2376	1455527475
2377	312651198
2378	1416583408
2379	374227349
2380	62079603
2381	307594130
2382	61876909
2383	373774591
2384	62231707
2385	1400067618
2386	1595552669
2387	1476745048
2388	1400067154
2389	800719913
2390	441016383
2391	61629863
2392	316133264
2393	1400068932
2394	1416597883
2395	425227731
2396	312593317
2397	312377452
2398	451475267
2399	038553521X
2400	451417631
2401	316244570
2402	1451687508
2403	125006581X
2404	1439187037
2405	345516109
2406	525953604
2407	1439138338
2408	1414336276
2409	345531485
2410	307597059
2411	316614351
2412	1621573788
2413	140006841X
2414	316334316
2415	1451672721
2416	1594202567
2417	62319191
2418	848746392
2419	470540869
2420	345530446
2421	446580503
2422	307886948
2423	345531035
2424	067002550X
2425	316069906
2426	399167242
2427	385532377
2428	399155139
2429	393240231
2430	399165940
2431	451234383
2432	345535227
2433	399176144
2434	61702323
2435	039915812X
2436	399157883
2437	1400065119
2438	1451669380
2439	385341970
2440	1596985585
2441	145550176X
2442	393082415
2443	553807072
2444	62106074
2445	307594033
2446	765376709
2447	312341911
2448	307719820
2449	312550650
2450	399157808
2451	451463781
2452	553392921
2453	1594202982
2454	385523173
2455	316224553
2456	307593916
2457	038534385X
2458	399157220
2459	385349149
2460	1439156352
2461	399156623
2462	399171231
2463	385354207
2464	031632468X
2465	446572829
2466	446573310
2467	470289066
2468	316182214
2469	670020869
2470	670785695
2471	1602861110
2472	140132391X
2473	1101874996
2474	1439138656
2475	399161287
2476	307592812
2477	1455576646
2478	385524927
2479	1439172072
2480	1400043131
2481	765332175
2482	006124340X
2483	1250002966
2484	006156284X
2485	1400063361
2486	307591794
2487	778328198
2488	61692069
2489	1626361398
2490	385521324
2491	1416565159
2492	399158154
2493	525427910
2494	159240653X
2495	1400041627
2496	1599951967
2497	374115583
2498	525954619
2499	125006113X
2500	307269191
2501	374273189
2502	312583729
2503	385521383
2504	425266338
2505	006182593X
2506	1476716862
2507	670022950
2508	61452556
2509	316059544
2510	1400069335
2511	385349319
2512	670025925
2513	765329042
2514	61473413
2515	345507002
2516	1451641427
2517	081299762X
2518	1568587147
2519	1400066328
2520	312667574
2521	805087737
2522	1451693567
2523	316328685
2524	1401341799
2525	1594631379
2526	61713783
2527	385341962
2528	765330539
2529	525953000
2530	1250045428
2531	618758283
2532	61629758
2533	1627790837
2534	1594489963
2535	307266109
2536	1568583982
2537	62000675
2538	399167641
2539	62083422
2540	307453375
2541	670025364
2542	758258577
2543	316182311
2544	1594202958
2545	399159207
2546	385535988
2547	385348452
2548	1400067731
2549	345510623
2550	1439165351
2551	62065130
2552	312367996
2553	307381285
2554	1594204799
2555	1594203210
2556	670024872
2557	61864153
2558	425263193
2559	446584975
2560	1400043042
2561	1616203048
2562	670022756
2563	307382338
2564	1565129598
2565	60899182
2566	1476748381
2567	307887863
2568	547134665
2569	1594203059
2570	62105620
2571	765316994
2572	765322722
2573	1594202311
2574	307596885
2575	1476794707
2576	525952241
2577	399158499
2578	393088774
2579	312365748
2580	080509590X
2581	61656003
2582	61143448
2583	61930210
2584	374202397
2585	159420182X
2586	679456805
2587	312548176
2588	1439107971
2589	385524382
2590	61766143
2591	670022527
2592	1627792104
2593	1101946199
2594	1616203218
2595	307588149
2596	385540353
2597	039915809X
2598	61998575
2599	446564508
2600	1455554596
2601	399155708
2602	914671170
2603	553391690
2604	1451613512
2605	1599951614
2606	316247162
2607	62225065
2608	385341954
2609	1455527114
2610	812992792
2611	805094202
2612	316379646
2613	385347375
2614	61986836
2615	451230183
2616	031236847X
2617	871404389
2618	385523998
2619	1439149089
2620	1476793743
2621	547819234
2622	374173958
2623	006078234X
2624	1476716560
2625	61233781
2626	62291408
2627	805093699
2628	1439158908
2629	345528670
2630	1439156379
2631	62267558
2632	525950605
2633	1451642326
2634	316066214
2635	446574627
2636	006229766X
2637	399162364
2638	1419702203
2639	1594631743
2640	345505336
2641	1250017645
2642	307717720
2643	399155058
2644	145166737X
2645	1250007038
2646	031258749X
2647	441020372
2648	1599951355
2649	425234355
2650	039915678X
2651	61714372
2652	1455599492
2653	62272853
2654	143918948X
2655	525952837
2656	307957942
2657	765376474
2658	385501129
2659	465014917
2660	307599469
2661	141659857X
2662	1451646070
2663	345540700
2664	547318359
2665	1476709157
2666	61804193
2667	61468363
2668	312368488
2669	525951784
2670	670019070
2671	525950575
2672	62015680
2673	1455585661
2674	765321874
2675	1416550771
2676	039915650X
2677	1476709181
2678	385514301
2679	042527067X
2680	312559119
2681	1400068282
2682	61990019
2683	805087494
2684	805082964
2685	1250020107
2686	375425136
2687	1250032350
2688	1455504416
2689	1414336063
2690	399174338
2691	385352875
2692	767929829
2693	160320072X
2694	62237187
2695	1416936017
2696	446546313
2697	525952330
2698	61236217
2699	60574887
2700	61876895
2701	805091416
2702	718042220
2703	076538308X
2704	374180652
2705	052595256X
2706	312591829
2707	193636574X
2708	670026719
2709	1451665164
2710	1451645759
2711	1594202168
2712	1451649916
2713	1439152780
2714	345532740
2715	61432717
2716	399157662
2717	446579483
2718	312303785
2719	525951849
2720	778325776
2721	1594201757
2722	1476724024
2723	159514210X
2724	067002645X
2725	345523253
2726	61118184
2727	045146527X
2728	1401322557
2729	1439107947
2730	1600781632
2731	1620402807
2732	765323966
2733	316373729
2734	60884592
2735	385528078
2736	446579823
2737	307907333
2738	038552384X
2739	1250020085
2740	1401322859
2741	679403930
2742	1250027934
2743	425265005
2744	812989058
2745	812997530
2746	553392980
2747	62296310
2748	1416593403
2749	374172072
2750	307956997
2751	618683356
2752	006222543X
2753	1594205450
2754	399160396
2755	525952047
2756	525955062
2757	1455547387
2758	307383296
2759	385515049
2760	1451693664
2761	399155260
2762	1451638450
2763	307594963
2764	1591846706
2765	451240197
2766	385527934
2767	1439159661
2768	61246247
2769	1426205031
2770	316253014
2771	61147761
2772	030738246X
2773	765304961
2774	451463153
2775	61970689
2776	778315339
2777	1594487510
2778	1400066026
2779	307959929
2780	1476706174
2781	1476767319
2782	425247562
2783	62387391
2784	385524986
2785	62078224
2786	1439183317
2787	786965118
2788	758227175
2789	758229631
2790	1400067243
2791	385506252
2792	393075966
2793	62220500
2794	385344015
2795	525953884
2796	62385321
2797	553807080
2798	1476706123
2799	385532350
2800	345511425
2801	345511530
2802	1594202176
2803	786965754
2804	1451627696
2805	670026603
2806	312643403
2807	1596980990
2808	765322749
2809	1401324908
2810	307271560
2811	1455599875
2812	756408792
2813	1401323146
2814	670023329
2815	1620408902
2816	865476810
2817	006196963X
2818	1451692668
2819	1439172773
2820	547719280
2821	307408647
2822	076533271X
2823	345548515
2824	62381644
2825	006114665X
2826	670026107
2827	765326396
2828	393041654
2829	399165266
2830	812993292
2831	1451666101
2832	1595554572
2833	307265730
2834	547152574
2835	307587827
2836	1416565116
2837	345511441
2838	1451640943
2839	1603201777
2840	1455578525
2841	61474622
2842	1565125967
2843	61582565
2844	1416567445
2845	385522312
2846	1476785058
2847	61125350
2848	1416964053
2849	62270184
2850	525951776
2851	1476789932
2852	670026611
2853	1455563110
2854	312587538
2855	1476743827
2856	1599953544
2857	525952365
2858	1476776296
2859	1439102112
2860	62220756
2861	1439183813
2862	345511506
2863	006196140X
2864	374298688
2865	307952525
2866	374203032
2867	1605292796
2868	805095535
2869	553446657
2870	60548959
2871	544274156
2872	399156453
2873	451233174
2874	307267105
2875	1439164630
2876	800721896
2877	1455527084
2878	374227357
2879	61128899
2880	1455518735
2881	399158839
2882	393058468
2883	145160663X
2884	1401341764
2885	385538499
2886	61962236
2887	1250042968
2888	60829850
2889	1608871169
2890	1590514882
2891	544002695
2892	399173544
2893	1439170282
2894	544279336
2895	038551638X
2896	553807064
2897	1426214669
2898	345548485
2899	553804693
2900	770437540
2901	1101907290
2902	399159029
2903	525952101
2904	1594630933
2905	62116290
2906	61672475
2907	345511255
2908	1596987944
2909	385536399
2910	1439138311
2911	374158355
2912	345544854
2913	1400063515
2914	159420571X
2915	1594633029
2916	670023515
2917	1250041104
2918	375414495
2919	312368038
2920	1400068606
2921	006233381X
2922	1101874457
2923	446563374
2924	1618689517
2925	1476727392
2926	446539724
2927	1401324290
2928	006165597X
2929	385532415
2930	1401322816
2931	812995368
2932	1400069297
2933	679644318
2934	1439192367
2935	62083392
2936	1594489505
2937	446575968
2938	62009621
2939	345500717
2940	399156658
2941	316008230
2942	1594033773
2943	316118087
2944	758258585
2945	670015784
2946	60781009
2947	073821356X
2948	1439134324
2949	1250044634
2950	525952608
2951	670021555
2952	307266516
2953	385515693
2954	61730327
2955	1594630666
2956	385531540
2957	1451663471
2958	62092812
2959	61782424
2960	670022179
2961	345505085
2962	1439195978
2963	393080641
2964	1451625871
2965	1414319673
2966	1455512877
2967	312622899
2968	1439101078
2969	1770411216
2970	1595230637
2971	62309528
2972	316261130
2973	393078116
2974	525953191
2975	1476781222
2976	62080601
2977	345511565
2978	345530594
2979	1476746826
2980	393071952
2981	446505293
2982	1451686579
2983	044654146X
2984	871404516
2985	743299841
2986	1416599436
2987	316097845
2988	62290398
2989	544341414
2990	1118004574
2991	778326896
2992	892969202
2993	1455504769
2994	1416583297
2995	345535820
2996	076533206X
2997	1592403778
2998	1416544607
2999	765315017
3000	345543750
3001	373773021
3002	1250003059
3003	1594204810
3004	1476758905
3005	312616252
3006	316018600
3007	307394069
3008	62113372
3009	316035904
3010	125006788X
3011	375422226
3012	525951512
3013	399158111
3014	61234001
3015	1137280107
3016	1451687478
3017	307408493
3018	374141398
3019	345532600
3020	547547986
3021	145162137X
3022	375504338
3023	1439153957
3024	425252884
3025	812993578
3026	61989991
3027	345543793
3028	399169520
3029	778312704
3030	871401002
3031	373777027
3032	1250048230
3033	61245585
3034	374165734
3035	525954902
3036	393065677
3037	71806776
3038	312605862
3039	1439192960
3040	61468436
3041	1594487766
3042	307984761
3043	031622104X
3044	1451642601
3045	307377040
3046	1400068738
3047	1400060605
3048	1936608855
3049	758212739
3050	374105235
3051	307717097
3052	1476798176
3053	525952454
3054	1591844002
3055	62207067
3056	316007021
3057	312591071
3058	544287045
3059	691147728
3060	316020729
3061	1416543333
3062	1439154503
3063	1627795391
3064	1476749051
3065	547636458
3066	140020304X
3067	1476736332
3068	399156755
3069	61956937
3070	670019917
3071	1118921224
3072	62101676
3073	312619766
3074	312369727
3075	525429077
3076	1476754802
3077	385534833
3078	765329069
3079	61655988
3080	393082105
3081	312376863
3082	385529953
3083	385342942
3084	374236445
3085	345503821
3086	307393860
3087	1620401908
3088	871404133
3089	307889750
3090	1439173141
3091	385539258
3092	052542914X
3093	312631685
3094	1439102856
3095	61778184
3096	762779187
3097	758212720
3098	62312057
3099	1476703221
3100	62279416
3101	030790735X
3102	451462289
3103	393081591
3104	743297164
3105	758210248
3106	039915504X
3107	307719936
3108	60763264
3109	316070084
3110	743294580
3111	312343558
3112	345549449
3113	1451649940
3114	1451691653
3115	1250041686
3116	312595670
3117	525954295
3118	1250007143
3119	1476709122
3120	393065146
3121	525951865
3122	125001610X
3123	399160574
3124	1400069513
3125	312377037
3126	399172084
3127	1594489580
3128	1451651546
3129	307269620
3130	425281647
3131	345522869
3132	61456217
3133	1586489690
3134	1419715712
3135	758225652
3136	786949163
3137	805076034
3138	62306812
3139	553807099
3140	1476710457
3141	046502940X
3142	62318985
3143	1101946326
3144	385541031
3145	312591837
3146	385534183
3147	1595230955
3148	525950966
3149	1595230645
3150	61441627
3151	465019447
3152	1451672489
3153	399162488
3154	1250020522
3155	60175311
3156	1603201300
3157	62091182
3158	1596916508
3159	62094475
3160	1608191052
3161	1451612060
3162	373776144
3163	316212245
3164	312559135
3165	310332192
3166	525952209
3167	804197954
3168	553805134
3169	385525184
3170	1594486409
3171	61560855
3172	038535066X
3173	1451645821
3174	525953973
3175	1583333304
3176	345471016
3177	145169797X
3178	1594204772
3179	312611609
3180	805094466
3181	1451655096
3182	141659888X
3183	1451666195
3184	757313728
3185	1419703692
3186	385337000
3187	345501284
3188	525950583
3189	399156380
3190	399157476
3191	62276166
3192	62395106
3193	316098124
3194	006146841X
3195	1451627858
3196	307908259
3197	1101882913
3198	451474627
3199	756407451
3200	1101965169
3201	802119794
3202	307378454
3203	62248391
3204	374266328
3205	399159886
3206	345524497
3207	037550494X
3208	670025666
3209	1451676565
3210	1401323588
3211	765324121
3212	316230871
3213	1595552715
3214	307395634
3215	147670631X
3216	1400068649
3217	812995228
3218	61655953
3219	140006693X
3220	345510585
3221	307959961
3222	812997174
3223	62377183
3224	62236679
3225	805088105
3226	61930938
3227	1594204306
3228	345539788
3229	525427090
3230	1250077176
3231	446548502
3232	1595542884
3233	1455584371
3234	1416563792
3235	547892624
3236	1416543031
3237	316332763
3238	62242350
3239	465031013
3240	765326264
3241	60596988
3242	765375869
3243	345507010
3244	451462548
3245	804188971
3246	034550920X
3247	1250061563
3248	385534930
3249	805092803
3250	039915583X
3251	1451677715
3252	62012614
3253	345536703
3254	1476734615
3255	374280592
3256	670025321
3257	312376537
3258	670021962
3259	006194100X
3260	345453212
3261	345535405
3262	670025836
3263	451474473
3264	307263436
3265	1594205558
3266	1594202699
3267	1400067480
3268	767922468
3269	307408388
3270	1593156022
3271	1439133948
3272	345548388
3273	316098868
3274	62069888
3275	1455525588
3276	307394999
3277	375422757
3278	61228591
3279	1594489769
3280	61917117
3281	307985679
3282	1594203350
3283	1594205566
3284	446510300
3285	756405246
3286	345517067
3287	1250007046
3288	425245535
3289	1416571663
3290	804138567
3291	006085202X
3292	316054674
3293	399156542
3294	1476709211
3295	1250063183
3296	1595230807
3297	61432660
3298	1250029570
3299	743246586
3300	60598670
3301	525429476
3302	385340850
3303	743294114
3304	1400068266
3305	307268934
3306	316096156
3307	1451608128
3308	316097403
3309	1429983760
3310	451224507
3311	312383343
3312	739328248
3313	1427206039
3314	451228574
3315	739328460
3316	316043908
3317	1401394530
3318	440338789
3319	1101081449
3320	345516770
3321	312946517
3322	446557788
3323	1416525677
3324	1429962925
3325	316071741
3326	1459215153
3327	553907049
3328	345518149
3329	739327302
3330	1401359652
3331	312561032
3332	1439153361
3333	767929446
3334	1400082773
3335	307455874
3336	446568180
3337	310330714
