date,1,2,3,4,5,6,7,8,9,10,11,12,13,14,15,16,17,18,19,20
2008-06-08,0553807056,0316068047,0312348673,0399154183,0385517882,0399155007,0446195979,0441015891,1416566384,0778325504,0061160873,0307265730,0061537934,0778325504,0525950605,0061236217,0307265730,0307377040,0385515049,0345501284
2008-06-15,0425222195,0316068047,0553807056,0312348673,0399155007,0743290119,0399154183,0385524285,0446195979,0385517882,006123088X,1416566384,0778325504,0061537934,0061160873,0441015891,0060829850,0307265730,0375504338,0307265730
2008-06-22,0385340567,0316068047,0399154973,0312348673,0425222195,0743290119,0553807056,0399155007,0399154981,0385517882,0385524285,0446195979,006123088X,0399154183,0061537934,1400066026,0393041654,0375504338,039915504X,1416566384
2008-06-29,0316018708,0385340567,0316068047,0399154973,0312348673,0743290119,1416549978,0553807056,0312341814,0399155007,0399154981,0425222195,0061537934,0061374229,0385524285,0385515049,1400066026,0385517882,1594489580,006123088X
2008-07-06,0312349513,0316018708,0316068047,0743290119,0312348673,0385340567,0399154973,1416549978,0061374229,1416537325,0670018856,0553807056,0312341814,0399155007,0061537934,0425222195,0385517882,0399154981,1400066026,0446195979
2008-07-13,0312349513,0316018708,0399155031,0385340257,0316068047,0061374229,0061230944,0743290119,0670018856,0312348673,0385340567,1416549978,0399154973,0553807056,0679456805,1416537325,0061537934,0399155007,0312341814,006085202X
2008-07-20,141654383X,0312349513,0316018708,0399155031,0061374229,0316068047,0743281640,0385340257,0345486544,0670018856,0312348673,0061230944,0743290119,1416549978,0385340567,0679456805,0061537934,0399154973,0316018600,0553807056
2008-07-27,0399154914,0312349513,141654383X,0061374229,1416548521,0316018708,0316068047,0399155031,0670018856,0312348673,0743281640,0743290119,0385340257,0345486544,0312367996,0061230944,0061537934,0316018600,0679456805,1416549978
2008-08-03,0399154914,0061374229,0385524064,0316068047,141654383X,0316018708,0312349513,0385492723,1416548521,0743290119,0399155031,0553804332,0312348673,0670018856,0399155058,0743281640,0061537934,1594489505,0061230944,0375504338
2008-08-10,0451224507,0061374229,0316068047,0399154914,141654383X,0316018708,0345501535,0060746769,0312349513,0743290119,0385524064,1416548521,0385492723,0553804332,0312348673,0670018856,0399155031,0765315017,0061537934,0743281640
2008-08-17,0451224507,0446539864,0316068047,0061374229,0385340990,0399154914,0061624764,141654383X,0316018708,0743290119,0060746769,0312349513,034550898X,0312348673,0385341954,0385492723,0670018856,1416548521,0385524064,0553804332
2008-08-24,0312362153,0446539864,0385340990,0451224507,0316068047,0061374229,0061624764,0399154914,0399155023,141654383X,0743290119,0312323573,0312348673,0385524943,0316018708,034550898X,0060746769,0670018856,0385524064,0312349513
2008-08-31,1416563067,0446539864,0312362153,0385340990,0451224507,0316068047,0061374229,0061227331,0446527874,0061624764,0399154914,1400063973,0399155023,0312323573,0312348673,0385524943,141654383X,0743290119,034550898X,0061537934
2008-09-07,0345499026,1416563067,0385340990,0446539864,0316068047,0312362153,0451224507,0061374229,0446527874,0061624764,0061227331,0312354630,0385524943,0399155023,0399155139,0312323573,1400063973,0312348673,0399154914,141654383X
2008-09-14,0743294386,0345484142,0385340990,0399155333,0316068047,0061374229,0446539864,1416563067,0345499026,0451224507,0312362153,0446527874,0061624764,0399155139,0061227331,0061246247,0778325776,0312354630,0312323573,0399155023
2008-09-21,0425223434,044657788X,1400064759,0743294386,0385340990,0316068047,0345484142,0399155333,0061374229,1416563067,0446539864,0345499026,0374299102,0446527874,031236847X,0778325776,0312362153,0061624764,0451462289,0451224507
2008-09-28,0061474096,044657788X,0385340990,1400064759,0425223434,0316068047,0345497627,0743294386,0061374229,0345484142,0399155333,0446539864,0374299102,0345499026,1416563067,0446579823,0778325776,031236847X,0451462289,1416571663
2008-10-05,0061374229,1416549129,0385341636,0307269752,0385340990,044657788X,0316068047,0061474096,1400064759,054705484X,0765312948,0345506189,0425223434,0743294386,0345497627,0345484142,0345499026,0399155333,0670019917,0374299102
2008-10-12,0061374229,0399155279,0688163181,0399155155,1401301614,1416549129,0307269752,1416550402,0385340990,0316068047,044657788X,1400064759,0385341636,054705484X,0061474096,0375425136,1416565116,0765312948,0374299102,0345506189
2008-10-19,0446579939,0061374229,1401301614,0399155279,1416550402,1416549129,0778325911,0399155155,0688163181,0307269752,0316068047,0385340990,0061474096,0385341636,1400064759,044657788X,1416565116,0765312948,054705484X,0375425136
2008-10-26,0446579939,0061374229,0786949643,1416594884,1401301614,0399155279,1416549129,1416550038,0316068047,0688163181,1416550402,0307269752,0778325911,0399155155,0385340990,0399155260,044657788X,1416583297,1400064759,0756405246
2008-11-02,0316166294,0446579939,0061374229,0060548924,1416594884,1401301614,0399155279,0786949643,0312533780,1416549129,0316068047,0345500679,0307269752,0778325911,0688163181,0385340990,1416550038,1416550402,0399155155,0375422757
2008-11-09,0743270428,0316166294,0446579939,0345495136,0061374229,0399155198,0060548924,0316059862,1416594884,0312368089,1401301614,0316068047,0399155279,0345507002,0385340990,1416549129,0307269752,0778325911,0786949643,0688163181
2008-11-16,0446533424,0743270428,0316166294,0446579939,0385340265,0061374229,0345495136,0399155198,0316059862,0060548924,1416594884,0316068047,0385340990,1401301614,0312368089,0778325911,0307269752,0373773021,0345507002,0399155279
2008-11-23,0446195502,0399155228,0345495934,0446533424,0743270428,0446579939,1416545182,0316166294,0061374229,0385340265,0345495136,0316059862,0316068047,0399155198,0060548924,0385340990,0553807064,1416594884,0778325911,1401301614
2008-11-30,141659485X,1439115303,0446195502,0060393491,0307264238,0446533424,0743270428,0399155228,0446579939,0345495934,0061374229,0316166294,1416595619,1416545182,0316068047,0765304961,0385340990,0385340265,0316059862,0345495136
2008-12-07,0316018724,141659485X,0307270777,0060393491,0446195502,1439115303,0307264238,0446533424,1439129177,0061374229,0446579939,0743270428,0385340990,0316166294,0399155228,1416595619,0316068047,0765304961,0345495934,0307269752
2008-12-14,0316018724,141659485X,0399155295,1439115303,0060393491,0553807137,0061374229,0446195502,0446579939,0316068047,0307270777,0446533424,0441016383,1439129177,0307264238,0743270428,0316166294,0385340990,1416545182,039915583X
2008-12-21,0399155163,141659485X,0316018724,0061374229,0399155295,1439115303,0060393491,0316068047,0345485793,0553807137,0446195502,0446579939,0307264238,0307270777,0446533424,0743270428,1439129177,0385340990,0316166294,1416563792
2008-12-28,0399155163,141659485X,0316018724,0061374229,0316068047,1439115303,0399155295,0446579939,0060393491,0307264238,0446195502,0345485793,0553807137,0446533424,0307270777,0385340990,0743270428,1439129177,0307269752,039915583X
2009-01-04,141659485X,0399155163,0316018724,0061374229,0316068047,1439115303,0446579939,0399155295,0307264238,0060393491,0446195502,0553807137,0446533424,0307270777,0385340990,0345485793,0307269752,0743270428,0307265730,0385340265
2009-01-11,0399155163,0316018724,141659485X,0061374229,0316068047,1439115303,0446579939,0060393491,0399155295,0446195502,0307264238,0553807137,0446533424,0345485793,0307270777,0385340265,0743270428,0060548924,0385340990,1439129177
2009-01-18,0399155171,0399155163,0316068047,0316018724,034550075X,0061374229,141659485X,039915521X,0060393491,0446579939,0399155295,1439115303,0446195502,0307264238,0345485793,0446533424,0385340990,0060548924,0441015891,0553807137
2009-01-25,0312383343,0316068047,0399155171,0399155163,0061374229,0316018724,034550075X,0060393491,0805087729,0385340990,0441015891,039915521X,0307264238,141659485X,0446195502,0446579939,0399155295,0307269752,0446533424,1439115303
2009-02-01,0312383343,0316068047,0399155171,0399155473,0061374229,0399155163,0316018724,0385340990,034550075X,0060393491,0670020486,0441015891,0805087729,0316032220,0307264238,0446579939,0446195502,039915521X,0399155295,0307269752
2009-02-08,0312383343,0316068047,0061374229,0061578916,0399155171,0399155163,0399155473,0385340990,0316018724,0060393491,0670020486,0441015891,0316032220,034550075X,0307264238,0446195502,0446579939,0805087729,0525950966,1416545182
2009-02-15,0385517831,0316068047,0061374229,0312383343,0061351504,0345501551,0061578916,0399155171,0385340990,0399155503,0767926277,0399155163,0316018724,0399155473,0060393491,0441015891,0670020486,0805087729,0553807099,0061432660
2009-02-22,0385517831,0316018740,0441016766,0316068047,0312364105,0061374229,0312383343,0385340990,0061257052,0061578916,0061351504,0399155171,0399155503,0399155163,0767926277,0441015891,0399155473,0316018724,0345501551,0446510300
2009-03-01,0385517831,0316018740,0316068047,0060590319,0441016766,0312364105,0061374229,0385340990,0312383343,0061257052,0061578916,0670020419,0399155171,0399155503,0399155163,0061351504,0441015891,0316007021,0767926277,0316018724
2009-03-08,0385517831,0316018740,030726579X,0316068047,0060590319,0385340990,1416585834,0061374229,0805082166,0312364105,0670020419,0441016766,0061257052,0385524927,0385523998,0312383343,0375414495,0316007021,0312343558,0061578916
2009-03-15,0399155481,0385517831,0061138010,0739328248,0316018740,0399155414,030726579X,0316068047,0385515510,0385340990,0060590319,0758210221,0061374229,006124340X,0441016766,0312364105,1416585834,0670020419,0385524927,0061257052
2009-03-22,0743296419,0385517831,0399155481,0316018740,0739328248,0316068047,0399155414,030726579X,0061138010,0385340990,0385515510,1416591478,1427206039,0060590319,0061143448,0061374229,0312364105,0758210221,0441016766,0451462548
2009-03-29,0743296419,0399155392,0385517831,0316068047,0316018740,0399155481,0399155406,030726579X,0739328248,0399155414,0385340990,0061138010,1427206039,0385515510,0060590319,0399155341,0061143448,0345505085,0312364105,1416591478
2009-04-05,0743296419,0399155392,0385517831,0316068047,0316018740,0399155481,0385340990,030726579X,0739328248,0399155406,0399155414,0061138010,0385515510,0399155341,0345505336,1427206039,0061128899,0060590319,0312369727,0061374229
2009-04-12,0345495144,0743296419,0345509064,0385517831,0316068047,0399155392,0316018740,0399155422,0385340990,034546933X,030726579X,1594488584,0399155481,0399155414,0399155406,0345505336,0399155341,0739328248,1427206039,0061138010
2009-04-19,0525951059,0316068047,0743296419,0385517831,0345495144,0399155392,0743437209,0758211848,0312351666,1416533168,0345509064,0316018740,0385340990,0399155422,0399155341,0061468363,0765317583,030726579X,0399155481,1594488584
2009-04-26,0451462564,1416570861,0525951059,0316068047,0061348139,0385517831,0399155694,0743296419,1416562176,0345495144,0743437209,0399155392,0385340990,1416597883,0345509064,0758211848,0316018740,0765317583,0399155341,0312351666
2009-05-03,1416570861,0312380720,0451462564,0525951059,0316068047,0385517831,0743296419,0061348139,0385340990,1599951959,0765317583,0312385188,0307346528,0399155341,0345495144,1416562176,0399155694,0399155392,0553805134,0758211848
2009-05-10,044654695X,0375424490,0399155783,1416570861,0399155805,0316068047,0312380720,0312368119,0525951059,0451462564,0385517831,0743296419,0399155341,0385340990,0061348139,1416550771,1565125967,0399155694,0765317583,1599951959
2009-05-17,0316018767,0451228574,044654695X,0778326438,0375424490,1416570861,0399155783,0316068047,0553804545,0312380720,0399155341,0399155805,0525951059,1400065119,0385340990,0743296419,0451462564,0312368119,0758212720,0385517831
2009-05-24,0441017150,0316018767,0385526342,044654695X,0375424490,1416570861,0778326438,0316068047,0451228574,0547273428,0399155716,0399155341,0399155783,0385517831,0743296419,0312380720,1439138311,0399155805,1400065119,0451462564
2009-05-31,0399155678,0446580295,0441017150,0316018767,044654695X,0385526342,0316068047,0375424490,0312567243,0312359322,1416570861,0778326438,0061733148,0451228574,0399155783,0399155716,1594202176,0399155341,0547273428,1439138311
2009-06-07,0739328460,0399155678,0316018767,0441017150,0446580295,044654695X,0316068047,0385526342,0525950974,0385341059,0399155341,0375424490,0312567243,0061733148,1416570861,0451228574,0312359322,0778326438,0385517831,0399155783
2009-06-14,0316166308,0739328460,0399155678,1400067111,0316018767,0441017150,0446580295,044654695X,0316068047,0385526342,0399155341,0373773781,0375424490,0525950974,0312567243,0061733148,0451228574,0385341059,0385517831,0312359322
2009-06-21,0425227723,0399155651,0316166308,1400067111,0385340273,0739328460,0441017150,0316018767,0061558230,0399155678,0316068047,044654695X,0446580295,0425227731,0399155341,0385526342,0307271560,0061733148,0307393860,0373773781
2009-06-28,0553807145,1401340903,0446539821,0316166308,0399155651,0425227723,1400067111,1416549994,0739328460,0385340273,0316018767,0441017150,0316068047,0399155678,044654695X,0399155341,0061558230,0446580295,0385526342,0307393860
2009-07-05,0399155848,0446539821,0385528701,0553807145,1401340903,0316166308,0399155651,1400067111,0553807234,0739328460,0425227723,044654695X,0441017150,0670020869,0399155341,0316018767,0316068047,1416549994,0385340273,141659888X
2009-07-12,0312383282,0061231401,0399155848,0345509129,0385528701,0446539821,0553807145,1401340903,1400067111,0399155651,0316166308,0399155341,0060837381,0441017150,0316068047,0553807234,0316018767,0425227723,044654695X,0385340273
2009-07-19,0316018775,0312383282,1416586571,0399155848,0061231401,1400067111,0446539821,0385528701,0399155341,1401340903,0553807145,0525950923,0441017150,0061438456,0316166308,0316068047,0060837381,0345509129,0553807234,0399155651
2009-07-26,0399155872,0316018775,0312383282,0743292510,1416586571,0345486560,0061231401,0399155341,0061438456,0316043908,0765315033,1400067111,0385528701,0399155848,1401340903,0441017150,0316068047,0525950923,0060175311,0446539821
2009-08-02,0743294297,0316018775,0399155872,0312383282,0399155341,1439128243,0061231401,0743292510,1416586571,0061230901,0316043908,0441017150,1400067111,0385341962,0061438456,0345486560,1401340903,0316068047,0446539821,0399155848
2009-08-09,0399155686,0743294297,0316018775,0385342020,0399155341,0399155872,0312383282,0061239224,0743292510,1439128243,0441017150,1416586571,0061231401,0385528701,1400067111,0316068047,0312368038,0316043908,0061230901,1401340903
2009-08-16,0307269981,0399155686,0743294297,0399155341,0316018775,0385342020,0345501578,0399155872,0312383282,0061239224,0441017150,0316068047,0743292510,1400067111,1439128243,1416586571,0061231401,0385528701,0061438456,0061230901
2009-08-23,1429983760,0375414967,0399155341,0307269981,1594202249,0743294297,0399155864,0399155686,0316018775,0441017150,0385524072,0385342020,0399155872,0312383282,0765322722,0316068047,1400067111,0061239224,0786949163,0345501578
2009-08-30,038541305X,1416563083,0399155341,0375414967,0307269981,1401394530,0743294297,0316018775,1101081449,0399155686,1594202249,1429983760,0441017150,0061702323,0399155708,0385524072,0399155864,0385342020,0316068047,0312383282
2009-09-06,038541305X,1416563687,0440338789,0399155341,0375414967,0307269981,0345509188,1416563083,1401394530,0399156046,0743294297,0441017150,0312946517,0316018775,0345516770,1101081449,0399155686,1594202249,1429983760,0061702323
2009-09-13,0446557788,038541305X,0399155341,1416525677,1416563687,0307269981,0375414967,1401394530,0399155910,0441017150,1416563083,0440338789,0451462904,0345509188,0743294297,0525950575,1594202249,0316018775,0312946517,0399156046
2009-09-20,0425229734,0446557788,038541305X,0399156429,0399155341,1416563687,1400064945,1416525677,0307269981,0375409289,1401394530,0441017150,0375414967,0805087737,1416563083,0312368488,0399155910,0440338789,0316068047,1595542884
2009-09-27,0446547565,038541305X,0399155341,0446557788,0399156429,0425229734,1416563687,0385518366,0307269981,0441017150,0375409289,1416525677,1400064945,1401394530,0375414967,0385514301,0316068047,0805087737,0743299841,0399155910
2009-10-04,0385504225,0446547565,0399155341,0446557788,038541305X,0399156429,1416563687,0441017150,0307269981,0375409289,0425229734,1416525677,1401394530,1400064945,0375414967,0385518366,0316068047,0743299841,1429962925,0805087737
2009-10-11,0385504225,0385342454,0446547565,0399155341,0399156011,038541305X,0446557788,0385528779,0399155937,0399156429,0316071741,0441017150,0375425144,0307269981,1439158908,0679403930,1416563687,1400064945,0312377037,0375409289
2009-10-18,0385504225,0385342454,0399155988,0446547565,0399155341,1439165394,1459215153,038541305X,0446557788,0399156011,1594488878,0553907049,0441017150,0399156429,0385528779,0307269981,0316071741,0778326896,0758210248,1416563687
2009-10-25,0385504225,0441017835,0399155341,0399155945,0446547565,0345518149,1416586288,0385342454,0399155988,1439165394,0786952334,1439150001,0061161705,038541305X,0441017150,0446557788,1459215153,0399156011,1594488878,0307269981
2009-11-01,0385504225,1416595163,0316166316,0399155341,0446547565,0441017835,1416586288,0399155988,0385342454,0399155945,1401310400,0345518149,0345509625,1439165394,0805080686,1439159661,0786952334,038541305X,0441017150,1401323588
2009-11-08,0385504225,0399156399,1416595163,0316166316,0399155341,1401310400,0805080686,0385340281,1416586288,0446547565,0312368127,0441017835,0312591063,0385342454,0399155988,0399155945,0345518149,1439165394,0786952334,0345509625
2009-11-15,0765302306,0385504225,0446195510,1400063841,1416595163,0399156399,0399155341,0316166316,0425230155,0805080686,0446547565,1416586288,1400043530,0385340281,0441017835,0312591063,1401310400,0385342454,0312368127,0399155945
2009-11-22,0385532458,0385504225,0399155953,0765302306,0060852577,0446195510,0399155341,1416595163,0399156399,1400063841,0345497929,0316166316,0805080686,0446547565,1401310400,1416586288,1439172773,0385340281,0441017835,0399156380
2009-11-29,1439148503,0385504225,0385532458,0399155341,0060852577,0765302306,0446195510,0345517199,0399155953,1416595163,1401310400,0399156399,0446547565,0385521383,0316166316,1416586288,0805080686,0345497929,1400063841,006194100X
2009-12-06,0316018783,1439148503,0385504225,0385532458,0399155341,0399155996,0446195510,0060852577,0765302306,1416595163,0399156399,0446547565,0399155953,1401310400,1416586288,1400063841,0805080686,141659485X,0316166316,0307269981
2009-12-13,0316018783,0061929379,0385504225,1439148503,0553807153,0385532458,044101769X,0399155341,0399155996,0446547565,1416595163,0765302306,0060852577,0446195510,0399156399,1401310400,141659485X,0307269981,1416586288,1400063841
2009-12-20,039915597X,0385504225,0316018783,1439148503,0399155341,0061929379,0385532458,0553807153,0345505476,0060852577,1416595163,0446547565,0446195510,0765302306,0399155996,141659485X,1401310400,1416586288,0399156399,0307269981
2009-12-27,0385504225,039915597X,0316018783,1439148503,0399155341,0345495969,0061929379,141659485X,0385532458,0446547565,0060852577,0553807153,1416595163,0446195510,0765302306,1416586288,0307269981,0345511565,0345505476,0399155996
2010-01-03,0385504225,0316018783,1439148503,0399155341,039915597X,0061929379,0385532458,0446547565,141659485X,0060852577,1416586288,0553807153,0805080686,0307269981,1416595163,0446195510,0765302306,0345495969,0399156399,1401310400
2010-01-10,0385504225,0316018783,1439148503,0399155341,0061929379,0385532458,039915597X,0446547565,141659485X,0553807153,0060852577,0446195510,0805080686,0765302306,1416586288,1416595163,0399156399,0307269981,0399155996,038541305X
2010-01-17,0385504225,0399155341,0316018783,0345500776,0399155961,039915566X,052595130X,0446547565,0061231428,1439148503,039915597X,0061929379,0385532458,1416565159,0307269981,1439107947,0399156399,0765302306,0345495969,1439165394
2010-01-24,0399155341,0385504225,0307272400,0765317680,0316018783,0446547565,052595130X,0345500776,039915566X,1439148503,039915597X,0061929379,0061231428,0307269981,1416565159,0385532458,1416586288,0385524986,0441017150,0805080686
2010-01-31,0399155341,0399156135,0385504225,0316065781,0446547565,0316018783,0765317680,052595144X,0307272400,052595130X,0307269981,039915597X,0446550000,1416565159,039915566X,0385524986,0061929379,1416586288,0345500776,1439148503
2010-02-07,0399155341,0399156119,0385504225,0060888741,0399156135,0446547565,0316065781,0399156127,0446550000,0316018783,0765317680,0307269981,0307272400,1416565159,052595130X,1416586288,039915566X,0345500776,0061929379,1439148503
2010-02-14,0399155341,0385504225,0399156119,0553804863,0399156135,0316065781,0316018783,0446547565,0307269981,0446550000,0399156127,0060888741,0765317680,1416565159,0307272400,0061432717,052595130X,1416586288,0441017150,1439148503
2010-02-21,0316036226,0399155341,042523567X,0312364121,0385504225,0307394972,0399156119,0446550000,0316065781,0307269981,0316018783,0399156135,0399156127,1416565159,0446547565,0441017150,0765317680,0060888741,0553804863,1439148503
2010-02-28,0316036226,0399155341,0385504225,0312364121,042523567X,0312567456,0061257079,0399156194,0399156208,0399156119,0307269981,0307394972,0446550000,0316065781,0316018783,0399156127,038551638X,0446547565,0399156135,1439148503
2010-03-07,0399155341,0316036226,0385504225,0312567456,0312364121,0307271862,0374299048,0399156194,042523567X,0061147958,0307269981,0399156208,0061257079,0399156119,031258749X,0316065781,0307394972,0446547565,0446550000,0441017150
2010-03-14,0399156240,0399155341,0061138037,0399156232,0385343183,0316036226,0307271862,0385504225,0312364121,0399156194,0758234899,0312567456,0307269981,042523567X,0061147958,0061257079,0399156119,0374299048,0399156208,031258749X
2010-03-21,0743296435,0399155341,0399156240,0446563080,0316036226,0385343183,0061138037,0399156232,0385504225,0399156194,0312364121,0307271862,0307269981,0374299048,0312567456,0451463153,042523567X,0758234899,0061257079,0061147958
2010-03-28,0743296435,0399155341,0399156259,0345509080,0446563080,0399156267,0670021474,0316036226,052595161X,0399156240,0385504225,0385343183,0399156232,1400068932,0061138037,0399156194,0307269981,0312364121,0374299048,1594489769
2010-04-04,0399155341,0743296435,0399156259,0312380755,0446563080,0670021474,0385343183,0316036226,0399156232,0553807218,0345509080,1414318634,0385504225,0399156267,052595161X,1416593403,0399156240,0307269981,0399156194,1400068932
2010-04-11,052595158X,0399155341,0743296435,0399156259,0061779725,0446563080,080211928X,0312380755,0399156275,0670021474,0316036226,0061727660,0399156232,0385504225,0399156267,0374299048,0385343183,0345509080,0399156194,1414318634
2010-04-18,044101819X,0399155341,052595158X,0345505670,0743296435,0385533411,0399156259,0446563080,0061779725,080211928X,0758225644,0312380755,0385504225,0399156275,0670021474,0316036226,0374299048,1400068932,0345509080,0399156194
2010-04-25,045146317X,0399155341,052595158X,1439187312,0061246263,044101819X,0743296435,0670021601,0345505670,080211928X,1416533184,0385533411,0446563080,0553807072,0399156259,1594487510,0399156453,0670021555,0061779725,1400068649
2010-05-02,1439172269,0399155341,045146317X,052595158X,1400065747,0743296435,080211928X,1439170258,076531505X,1439187312,044101819X,0345505670,1400069262,1599951967,0446563080,0061246263,0385533411,0399156259,0670021601,1594487510
2010-05-09,0446564087,0399155341,0375424504,0061160881,0399156445,1439172269,0399156461,1400065747,0312368151,045146317X,052595158X,0743296435,080211928X,1439187312,0345505670,1400069262,1439170258,044101819X,0446563080,0061246263
2010-05-16,0316036277,0451229851,0399155341,0446564087,0778327809,1439172269,0375424504,0061160881,0399156445,1400065747,0553805541,0743296435,045146317X,0312368151,0399156461,0061988243,052595158X,0758212739,080211928X,0061655953
2010-05-23,0441018645,0316036277,0446562424,0399155341,0446564087,0451229851,1439172269,0778327809,0399156488,0385526350,0375424504,1400065747,0385343663,0061988243,0061160881,080211928X,0743296435,0399156445,0345471016,1439187312
2010-05-30,0441018645,0312554168,0446554960,0446562424,0316036277,0399155341,0446564087,0385343663,080211928X,0451229851,0778327809,1439172269,0061988243,0061160881,0375424504,0399156488,1400065747,0385526350,0061560855,0743296435
2010-06-06,0385340583,0399156496,0441018645,0399155341,0446562424,0312554168,0316036277,0446554960,0446564087,0385343302,0061926515,0451229851,1439172269,0385343663,080211928X,0778327809,0375424504,0061160881,0399156488,0385526350
2010-06-13,030726999X,0441018645,0385340583,0399155341,0399156496,0446562424,0312554168,0345509145,1451608217,0316036277,0446554960,0446564087,0373774591,0385343663,080211928X,0451229851,0061988243,1439172269,0375424504,0743296435
2010-06-20,030726999X,0425234339,0399156437,0399155341,0441018645,0385340583,1439156336,0399156496,0446539813,0446562424,0312554168,0316036277,1451608217,0345509145,0061930210,0446554960,0446564087,080211928X,0385501129,0373774591
2010-06-27,030726999X,044658083X,0345504968,0399155341,0399156437,0441018645,0385340583,0425234339,0399156496,0446562424,0312554168,1439156336,0316036277,0446539813,0061629758,1451608217,0446564087,0385501129,080211928X,0446554960
2010-07-04,1439184305,030726999X,044658083X,0345504968,0399156534,0399155341,055380801X,0399156437,0061961175,1400066034,0385340583,0446562424,0441018645,0446539813,0307266109,0399156496,1451608217,1439101078,0312554168,0425234339
2010-07-11,0312383304,030726999X,1439184305,0385343167,044658083X,0399155341,0345504968,0399156534,055380801X,0441018645,0061961175,0399156437,1439133611,0385341970,0385340583,0312554168,0446562424,1400066034,0446539813,1451608217
2010-07-18,0316096156,0312383304,030726999X,1439184305,0399155341,1416586598,0345504968,044658083X,0385343167,034551548X,0805087745,0399156534,0441018645,1400065453,0385501129,0312554168,0061961175,055380801X,0399156437,0446562424
2010-07-25,0399156577,030726999X,0316096156,0312383304,0399155341,1439184305,0345504968,1416586598,044658083X,0316043877,1400065453,034551548X,0385343167,0441018645,0425234355,0399156534,0385501129,0312554168,0312595670,0385340583
2010-08-01,030726999X,0743294270,0399156577,0399155341,0316096156,1439128294,0312383304,0670021873,1439184305,0553807242,0345504968,044658083X,1416586598,034551548X,0316043877,1400065453,0441018645,0385531540,0312595670,0385343167
2010-08-08,0399156585,030726999X,0399155341,0743294270,0316096156,0399156577,0312383304,1439128294,1439184305,044658083X,0345504968,0345511328,1416586598,0670021873,0553807242,1400065453,034551548X,0441018645,0312611609,0765326264
2010-08-15,030726999X,0307272583,0399156585,0399155341,0743294270,0316096156,0399156577,0312383304,1439128294,1439184305,1400066409,0061239240,0345511328,0345504968,044658083X,0525951784,0441018645,1400065453,0670021873,0385340850
2010-08-22,030726999X,1416563725,0399155341,0307272583,0399156585,0743294270,0316096156,0441018688,0399156577,0312383304,0061702560,031261456X,1400066409,1439128294,1439107971,1439184305,0441018645,044658083X,0345504968,0399156542
2010-08-29,030726999X,1416563105,0399155341,0307272583,0345506898,0399156631,1416563725,0399156585,0316096156,0743294270,0399156577,0312383304,1401323138,0399156623,1439128294,1400066409,1439184305,0061702560,0441018645,044658083X
2010-09-05,0316089516,030726999X,0399155341,0399156801,0307272583,1416563105,0743276744,1416563725,1439136610,0399156585,039915681X,0316096156,0399156631,0345506898,0743294270,0061706558,0525951776,0312383304,0441018645,0525950583
2010-09-12,030726999X,0316089516,1439102392,0399155341,0345484177,0307272583,1416563105,1416563725,0399156801,0743276744,0061706558,0399156585,1439136610,0345516109,0399156631,039915681X,0441018645,0316096156,0345504968,1439184305
2010-09-19,0374158460,030726999X,0425236595,0399156763,0316089516,0399155341,0765326353,1439102392,0399156747,0307272583,0399156801,1416563725,1416563105,0345484177,0061706558,0312303785,1439136610,0743276744,0399156585,0441018645
2010-09-26,0374158460,030726999X,0312546564,0670022047,0399155341,0316089516,0399156763,0385523211,0399156828,0425236595,0765326353,0451463528,1439102392,0307272583,0399156801,1416563725,0385532350,1416563105,0399156747,0345484177
2010-10-03,044654759X,0374158460,0312652917,030726999X,0399155341,0670022047,0316089516,0312546564,006185929X,0316098337,0399156763,1414334095,0385523211,0312593317,0399156828,1439102392,0425236595,0385532350,1416563105,0765326353
2010-10-10,0374158460,044654759X,030726999X,0399156909,0385342047,0312652917,0399155341,0061558222,0316098337,0399156917,0670022047,0316089516,006185929X,0399156763,0385523211,0312546564,0399156828,0061782424,1414334095,0312593317
2010-10-17,0525951652,0316036234,0374158460,044654759X,0316038393,030726999X,1401324029,0385343132,0399156909,0399155341,0312652917,0316098337,0670022047,0778328198,0385342047,0399156917,006196963X,0061558222,0316089516,0765324121
2010-10-24,0316069485,0525951652,0374158460,030726999X,044654759X,0316038393,0316036234,0399156852,1439150036,0399155341,0399156909,0385343132,0786955007,0670022047,0316098337,1401324029,0312652917,0778328198,0399156755,0385342047
2010-10-31,141659518X,0525951652,030726999X,0316069485,044654759X,0374158460,0670022241,0316038393,0316036234,0399155341,0399156852,0316098337,0399156909,1439150036,0670022047,0547318359,0385343132,1401324029,0786955007,0312652917
2010-11-07,0385344317,0670022128,141659518X,030726999X,0525951652,044654759X,0316069485,141431163X,0316038393,0374158460,0316036234,0399155341,0312651198,0670022241,039915678X,0525951849,1401324029,0399156852,0316098337,1439133948
2010-11-14,0385528043,0385344317,141659518X,030726999X,045146365X,0670022128,0525951652,044654759X,0374158460,0316069485,0316038393,0399155341,0316036234,0670022241,0316098337,141431163X,1416550747,0312605862,1401324029,0525951849
2010-11-21,0765325942,0385528043,0399156879,030726999X,141659518X,0061836923,0385344317,0525951652,0670022128,0316038393,044654759X,0399155341,045146365X,1439156352,0312600844,0316069485,0316036234,0316098337,0670022241,141431163X
2010-11-28,0446195529,1439192561,0385528043,0765325942,030726999X,1400065933,0316038393,141659518X,0399156879,0525951652,0670022128,0385344317,044654759X,0399155341,0061836923,1439152780,0312600844,0312591071,045146365X,0316069485
2010-12-05,031603617X,0385528043,0446195529,039915714X,1439192561,030726999X,0765325942,0316038393,1400065933,0525951652,0399155341,141659518X,044654759X,0670022128,0385344317,0399156879,0061836923,0312591071,0312600844,1439152780
2010-12-12,031603617X,0385528043,1439192561,0446195529,030726999X,039915714X,0765325942,0345505492,0525951652,1439192952,044654759X,0399155341,0316038393,141659518X,0446573647,1400065933,0670022128,0312600844,0385344317,0399156879
2010-12-19,0399157212,0385528043,031603617X,1439192561,030726999X,0446195529,0525951652,039915714X,0316038393,044654759X,0765325942,0399155341,0446573647,0312600844,141659518X,0345505492,0670022128,0316020729,1400065933,034550920X
2010-12-26,0399157239,0385528043,031603617X,0399157212,030726999X,0374158460,1439192561,0446195529,0525951652,0399155341,044654759X,0316038393,0446573647,039915714X,0765325942,141659518X,0670022128,0316020729,1400065933,0316098337
2011-01-02,0399157239,0385528043,030726999X,031603617X,0374158460,1439192561,0399157212,0525951652,0316038393,0399155341,044654759X,0446195529,0446573647,039915714X,0316098337,0765325942,141659518X,0670022128,1400065933,0312591071
2011-01-09,0399157239,0385528043,031603617X,030726999X,1439192561,0374158460,0399157212,0399155341,0316038393,0525951652,044654759X,0446195529,0446573647,039915714X,0316098337,0765325942,141659518X,0670022128,1400065933,0312591071
2011-01-16,0553807722,0399157239,030726999X,0399156836,0385528043,031603617X,0399157212,052595192X,0399157026,0374158460,0399155341,1439192561,0446195529,1439138656,0525951652,0765325942,0316098337,0316038393,044654759X,039915714X
2011-01-23,030726999X,0553807722,0399157239,0385528043,0399155341,0399156836,0312600844,031603617X,1402785925,052595192X,0399157212,0525951768,0399156844,0316098337,0446195529,0765323966,1439192561,1439138656,0525951652,0765325942
2011-01-30,0446577898,0399157077,030726999X,0399157239,0553807722,0399155341,0385528043,1402785925,031603617X,0312600844,0316098337,0399156836,052595192X,0525951768,0446195529,0399157212,1439164630,0670022179,0316038393,0399156844
2011-02-06,0385341679,0399157115,030726999X,0446577898,0399157077,0061351520,0399157239,0399155341,0385528043,0553807722,0316098337,031603617X,0312600844,0399156836,1402785925,0525951768,052595192X,0446195529,1439164630,0765325942
2011-02-13,0316037915,030726999X,0446577898,0399157115,0399155341,0385341679,0399157239,0399157077,0385528043,0316098337,0553807722,0061351520,0307393879,0312600844,1402785925,0061876895,031603617X,0399157220,0525951652,1439164630
2011-02-20,0316037915,030726999X,0399155341,0446577898,0399157239,1416563814,0399157115,0385341679,0385528043,0316098337,0399157077,0756406609,0553807722,0307393879,0399157220,0312559119,0061351520,0525951652,1439164630,0765325942
2011-02-27,0316037915,0670022411,030726999X,0399155341,0399157239,0399157085,0446577898,0385528043,0385342322,0316098337,0399157115,0307263991,0553807722,0399157077,0399157220,1416563814,0525951652,0307393879,0765325942,0061351520
2011-03-06,0316037915,0670022411,030726999X,0399155341,0399157239,0385528043,0446577898,0316098337,0399157085,031258752X,0307263991,0553807722,0399157115,0399157220,1416563814,0385341679,0399157077,0446575968,0765325942,044654759X
2011-03-13,0399157034,0061138061,044656432X,0670022411,0316037915,030726999X,0525952039,0399155341,0345521307,0399157050,0758234910,0399157239,0316098337,0385528043,031258752X,0307263991,0399157220,0446577898,0399157085,0553807722
2011-03-20,0756404738,1439102724,0441019730,0307273563,0399157034,0670022411,0316037915,030726999X,0061138061,0345521307,044656432X,0399155341,0316098337,0451463781,0399157239,0399157050,0525952039,0385528043,0312619766,0399157220
2011-03-27,0399157042,1439102724,0756404738,030726999X,0553807250,0670022411,0307273563,0345521307,0441019730,0525952020,0385343833,0316037915,0399157034,0399155341,0670022527,044656432X,0316098337,0062009621,0061138061,0399157050
2011-04-03,0316097365,1439102724,0399157042,030726999X,0756404738,0385343833,0345521307,0670022411,0307273563,0553807250,0316037915,0399155341,0441019730,0399157034,0316098337,0525952020,044656432X,0307717097,0061138061,0385528043
2011-04-10,0525952063,0316097365,030737839X,1439102724,0312364423,0061727679,0399157042,030726999X,0385343833,0399157352,0553807226,0345521226,0345511387,0345521307,0670022411,0756404738,0307273563,0399155341,0553807250,0802119794
2011-04-17,0517580519,0451233166,0345505697,0525952063,0316097365,0307593495,1439102724,030726999X,030737839X,0399157042,0312364423,0345521307,0385343833,0312667574,0670022411,0316074233,0756404738,0399155341,0758225652,0399157352
2011-04-24,0316069353,0517580519,1439180962,0385343140,1439191379,0451233166,0061348155,0316097365,0525952063,1401324134,1439102724,030726999X,0345505697,030737839X,0316074233,0345521307,1439170282,0399157042,0385343833,0345510585
2011-05-01,0399157441,0517580519,0316069353,1439180962,0385343140,030726999X,031238078X,0316074233,1439102724,0525952063,1401324134,0316097365,0345521307,0307593916,1439165351,0451233166,0553807080,0345505697,1439191379,030737839X
2011-05-08,0446573108,0517580519,0316069353,0399157441,1439180962,0399157379,0312651201,031238078X,159995334X,030726999X,0385343140,0316074233,1439102724,0345521307,0316097365,1401324134,0525952063,0345505697,0307593916,0451233166
2011-05-15,0446573108,0517580519,0399157360,0778329836,0316069353,0446573256,1439180962,0399157441,030726999X,031238078X,0385343140,0345521307,0312651201,1439102724,0441020372,0758227175,0399157379,0525952063,030737839X,0316097365
2011-05-22,0441020313,0316036269,0446573108,0399157263,0517580519,1439180962,0316069353,0399157441,0670021040,0778329836,030726999X,0399157360,0385343140,0451234383,031238078X,0345521307,1439102724,1439134324,1401324134,0385343833
2011-05-29,0441020313,0399157387,0316036269,0446573108,0517580519,0399157263,0670021040,0316069353,030726999X,0307595862,0312567251,0399157360,1439180962,0345521307,0399157441,0312583729,0778329836,0061989991,1439102724,0451234383
2011-06-05,0441020313,0316036269,0399157387,0345505514,0446573108,0345497945,0517580519,0670021040,0399157263,030726999X,0307595862,0316069353,0345521307,0312583729,1439180962,0778329836,0399157360,0399157441,0312567251,0345524497
2011-06-12,0441020313,0316036269,0345509102,0399157387,0345505514,0446573108,0517580519,030726999X,0307595862,0345497945,0399157263,0670021040,0316069353,0312583729,0345521307,1439180962,0312567251,0756404738,0778329836,1416543031
2011-06-19,140006712X,0441020313,0316036269,0399157387,0345505514,0446573108,030726999X,0517580519,0425242099,0061930237,0345509102,0670021040,0307595862,0345497945,0399157263,0316069353,0345521307,0393078116,0312583729,0756404738
2011-06-26,0425241130,0399157425,0062049801,0441020313,0312642695,140006712X,0316036269,0399157387,0345505514,030726999X,0446573108,0517580519,0385533853,0345521307,0345497945,0061930237,0670021040,0307595862,0316069353,0399157263
2011-07-03,0399157301,0446583146,0062049801,0061961272,1451620691,0399157425,0385521227,0425241130,0316036269,0441020313,0345505514,0399157387,030726999X,0312642695,140006712X,0446573108,0307595129,0062060554,0345521307,0385533853
2011-07-10,0345527682,0399157301,0061784788,0062049801,0446583146,031609966X,1451620691,0061961272,0345528204,0385521227,0399157425,030726999X,0441020313,0312642695,0307595129,0316036269,140006712X,0425241130,0345521307,0399157387
2011-07-17,0316036218,0345527682,0062049801,0399157301,0446583146,0061784788,031609966X,0061961272,0307595129,1451620691,030726999X,0385521227,0345521307,0441020313,0374173958,0312642695,0316036269,0399157425,140006712X,0345528204
2011-07-24,0316036218,0345527682,0345515501,0399157301,0062049801,0446583146,0307595129,030726999X,0061731153,031609966X,0385532725,0061784788,0345521307,0061961272,0441020313,1451620691,0385521227,0316036269,0312642695,0062060554
2011-07-31,0553801473,0316036218,1451617720,0345527682,031265121X,0062049801,0062060554,0399157301,0446583146,0312380348,0345515501,0307595129,030726999X,0345521307,0061784788,031609966X,0441020313,0061961272,0061731153,0374173958
2011-08-07,0553801473,0062072188,0385340303,0399157433,0316036218,0345527682,1451617720,0062049801,0446564443,0399157301,0446583146,0446527890,030726999X,0307595129,0345521307,0062060554,0345511255,031265121X,0312380348,0345515501
2011-08-14,045146379X,0553801473,141658661X,0062072188,0385340303,0316036218,0345527682,0062049801,0399157433,1451617720,030726999X,0446564443,0345521307,0399157301,0446583146,0670022691,0062060554,0307595129,0525952209,0399157476
2011-08-21,0446554987,0553801473,141658661X,0312546599,045146379X,0062072188,0385340303,0316036218,0062049801,0345527682,1451617720,030726999X,0399157433,0345521307,0312365748,0399155341,0670022691,0446583146,0307595129,0399157301
2011-08-28,0553801473,052595225X,141658661X,0399157557,0446554987,045146379X,0345509161,0670022314,0062072188,0312546599,0399155341,0316036218,0345527682,0062049801,030726999X,0385340303,0345521307,1451617720,0446583146,0399157301
2011-09-04,0765327724,0553801473,141658661X,0399155341,0446554987,045146379X,052595225X,0062072188,0399157557,030726999X,0316036218,0062049801,0670022691,0345521307,0670022314,0345509161,0345527682,0446583146,0385340303,1451617720
2011-09-11,1439102414,0553801473,0345484207,0765327724,0446554987,141658661X,030726999X,0399155341,045146379X,0345521307,0062072188,0062049801,0446583146,052595225X,0316036218,0399157557,0670022691,0670022314,034552554X,0385340303
2011-09-18,0316097543,0441019714,0553801473,0312655452,1439102414,0312358342,031253955X,030726999X,0399155341,0765327724,0345521307,0446554987,034552554X,0062049801,0345484207,141658661X,045146379X,1439153957,0446583146,0062072188
2011-09-25,0316097543,0399157816,0425241971,0553801473,034550691X,0316126691,0553807986,0312358342,1439102414,0345521307,030726999X,045146415X,0399155341,0441019714,0312655452,031253955X,0765327724,0062049801,0345484207,0446554987
2011-10-02,0399157786,0385534639,0316097543,0312651619,0399157840,0399157816,0553801473,0765321548,0316126691,0312567464,0345521307,0425241971,030726999X,031253955X,0062049801,1439102414,1599953544,0312358342,034550691X,0312655452
2011-10-09,1401324436,1455501476,0385534639,0061977969,0399157654,0399157786,0316097543,0553801473,0316126691,0399157816,0399157840,0312651619,0312567464,0345521307,030726999X,0062049801,034552554X,0312358342,0441019714,0765321548
2011-10-16,0385344325,0778312690,145164311X,0385534639,1455501476,0307700186,0399157654,0553801473,0399157786,1401324436,0316097543,0061977969,140006709X,0316126691,0399157816,0399157840,0345521307,0778312704,0373776144,0312651619
2011-10-23,0399157697,0385344325,1439172803,0786958421,0385534639,1455501476,0307700186,0778312690,0553801473,145164311X,145161747X,0399157859,0399157654,0399157786,0316126691,140006709X,0316097543,0345521307,1401324436,0307394999
2011-10-30,0446547654,0374203059,0062011847,0385344325,0399157697,0385534639,0553801473,1455501476,145161747X,0778312690,1439172803,1401324436,0345521307,0786958421,140006709X,0316126691,145164311X,0312547730,0316097543,0399157654
2011-11-06,0446547654,031609739X,0312651228,0374203059,0385344325,0385533020,0399157697,0307957128,1414319355,1416563709,0385534639,0553801473,145161747X,0385532377,0778312690,0385528078,0062011847,1455501476,140006709X,0345521307
2011-11-13,0385535139,0307593312,0446547654,1439187207,031609739X,0374203059,0061558265,0385344325,0385533020,0399157697,0307957128,0312651228,0553801473,0385534639,145161747X,1414319355,0778312690,1416563709,0385528078,0345521307
2011-11-20,0446573019,0385535139,0446547654,0385343175,1451628005,0307593312,031609739X,1439187207,0060548940,0374203059,0385344325,052595242X,0399157697,0307957128,0553801473,0385344015,0385534639,0385533020,0778312690,0345521307
2011-11-27,1451627289,0385535139,0446573019,0446547654,031609739X,0307593312,0765330423,0385343175,1439187207,0547577532,1451628005,0374203059,0060548940,0553801473,0385344325,0307957128,0385534639,0778312690,145161747X,0345521307
2011-12-04,0316198730,1451627289,0399157867,0385535139,0399157824,0446547654,0446573019,0345511344,031609739X,0307593312,1439187207,0060548940,0374203059,1451628005,0385343175,0307957128,0553801473,0547577532,1401324436,0385534639
2011-12-11,0345527712,1451627289,0316198730,0385535139,0399157867,0060873027,0446547654,0446573019,0399157824,031609739X,1439187207,0307593312,0307957128,0553801473,0374203059,1451628005,0060548940,0385343175,0385534639,0385344325
2011-12-18,0316069418,1451627289,0345527712,0385535139,0316198730,0446547654,0399157867,0385337515,0060873027,0446573019,0307593312,0553801473,0374203059,0399157824,1439187207,031609739X,0060548940,0307957128,0385534639,1451628005
2011-12-25,1451627289,0399158022,0385535139,0307959856,0316198730,0345527712,0316069418,0446547654,0399157867,0060873027,0446573019,0385337515,0307593312,0553801473,0316126691,0307957128,1439187207,0385534639,0374203059,0399157824
2012-01-01,1451627289,039915731X,0385535139,0316198730,0307959856,0446547654,0399158022,0345527712,0316069418,0399157867,0316126691,0307593312,0060873027,0553801473,0446573019,0374203059,030726999X,0385534639,0385337515,1439187207
2012-01-08,1451627289,0385535139,0316198730,039915731X,0307959856,0446547654,0399158022,0345527712,0399157867,030726999X,0316069418,0307593312,0060873027,0316126691,0553801473,0374203059,0446573019,0385534639,1439187207,031609739X
2012-01-15,0553807714,1451627289,0307959856,039915731X,0316198730,0385535139,0446547654,0399158022,030726999X,0345527712,052595239X,0316069418,0060873027,0399157808,0553801473,0399157662,0374203059,0307593312,0399157867,0307957128
2012-01-22,0316097403,0312651317,0307959856,1451627289,0553807714,039915731X,030726999X,0385535139,0446547654,0316198730,0399158022,0345527712,0316069418,0553801473,039915809X,052595256X,0765323974,0399157662,052595239X,0374203059
2012-01-29,0525952586,0316097403,0446564370,034551128X,0307959856,1451627289,030726999X,0399157875,1439136823,0385535139,039915731X,0312651317,0553807714,0446547654,0316198730,0553801473,0345527712,0307957128,0345521307,0399158022
2012-02-05,0316097403,0061969656,0525952586,0307959856,030726999X,1451627289,006211946X,0765332000,0312614578,0385535139,039915731X,0446564370,034551128X,0446547654,0312651317,0553807714,0553801473,0345521307,0345527712,0316198730
2012-02-12,0399158278,0316097403,0307959856,030726999X,1451627289,0525952586,006211946X,0385535139,034553087X,039915731X,0061969656,0553801473,0061876909,0345521307,0446547654,0312614578,034551128X,0307957128,0446564370,0312651317
2012-02-19,0312577206,0316097403,0399158278,0385344228,0307959856,1451627289,030726999X,0525952586,006211946X,0385535139,0553801473,0307957934,0345521307,0446547654,0812992792,0061969656,039915731X,034551128X,0307957128,0345527712
2012-02-26,1416595201,0525952764,0385344228,0316097403,1451627289,0307959856,0312577206,0399158278,030726999X,1451628587,006211946X,0061990612,0553801473,0385535139,0307957934,0345521307,0446547654,0812992792,039915731X,0345527712
2012-03-04,0316206822,1416595201,0307595110,0385342063,0385344228,1451627289,0307959856,0316097403,0312577206,0525952764,030726999X,0312593309,0553801473,0399158278,0446564508,006211946X,0312587538,1451628587,0312559135,0446547654
2012-03-11,0399158308,0061957895,1416595201,0316206822,0307595110,0385344228,0385342063,0399158294,0525952640,1451627289,0307959856,0312577206,0553801473,0316097403,0312593309,0525952764,0345521307,0446564508,0399158278,006211946X
2012-03-18,1439102740,0345505719,1416595201,0399158308,0316206822,0307595110,0758234937,0061957895,0385344228,1451627289,0385342063,0307959856,0553801473,0312577206,1451608128,0345521307,0062049801,0399158294,0312593309,0446564508
2012-03-25,0399158618,1439102740,145163806X,0441020038,1416595201,0316206822,0399158316,0399158308,0385344228,0345505719,0307595110,1451627289,0553801473,0307956350,0061957895,0385342063,0307959856,0345521307,0345522869,0425245535
2012-04-01,1439102740,0345509226,0399158618,1416595201,0316206822,0385344228,0345505719,0553801473,0307956350,0307595110,0441020038,0399158308,0446583855,1451627289,145163806X,0312591829,0385342063,0312622899,0307959856,006146841X
2012-04-08,0525952276,1439102740,039915826X,1416595201,0399158618,0316206822,0061859303,0385344228,0345509226,0307595110,0553801473,0345521277,1451617054,0345505719,1451627289,0446583855,0307956350,0345521307,0399158308,0385342063
2012-04-15,0451235843,031609756X,0385343191,0525952276,0062049577,1439102740,1416595201,0399158618,0316206822,0385344228,0553801473,039915826X,1451627289,0061859303,0307956350,0345509226,0307595110,0345521307,0312631685,0446583855
2012-04-22,1451668864,031609756X,0061779741,0307378403,0061257095,0385343191,0525952276,0307957276,0451235843,0802120237,1439170312,1439102740,0553801473,0345530446,0345510623,1416595201,0062049577,0385344228,0399158618,0062069888
2012-04-29,0385536070,031609756X,1451668864,0312380828,0061257095,0061779741,0385343191,0525952276,0307378403,0553801473,0307957276,0316185906,0451235843,1439102740,1416595201,0061804193,0385344228,0345521307,0802120237,1451627289
2012-05-06,0446572993,0399159126,0385536070,0399158863,031609756X,1451668864,0312651236,0312380828,0061779741,0061257095,0307378403,0385343191,0525952276,0553801473,0316185906,0307957276,0399159029,0345521307,0385344228,1439102740
2012-05-13,1451658907,0446572993,0385536070,0399159126,0399159088,031609756X,1451668864,0399158863,0061257095,0061779741,0553801473,0307378403,0312380828,0345535227,0385343191,0312651236,0307957276,1451627289,0385344228,0345521307
2012-05-20,1937007448,1451658907,0446572993,0385536070,0399159126,0399158030,031609756X,1451668864,0399158863,0061257095,0553801473,0061779741,0446572470,0446573310,145166737X,0307378403,0399159088,0312380828,0316185906,0345521307
2012-05-27,0316097497,1937007448,0805090037,1451628188,1451664125,0446572993,0385536070,1451658907,0307594165,0399159126,1250000971,0399158030,1451668864,0765330539,0061257095,0446574627,031609756X,0553801473,0385343191,0399158863
2012-06-03,0399157689,0316097497,1937007448,0345526511,0385536070,0446572993,1451664125,0805090037,1451658907,0307594165,0399159126,1451628188,0553801473,1250000971,0446574627,0399158030,0670023515,0765330539,0061257095,031609756X
2012-06-10,0399157689,0316097497,1937007448,0385536070,0446572993,0805090037,1451664125,0061692042,0345526511,1451658907,0553801473,0307594165,1250000971,0061629863,1451628188,0446574627,0399158030,0399159126,0061257095,0316098124
2012-06-17,0399160132,0316097497,0399157689,0385536070,1937007448,0805090037,0345527356,0446572993,0553801473,1451664125,1451658907,0061692042,1439156417,0307594165,1451628188,0425247562,1250000971,0399158030,0345526511,0061257095
2012-06-24,0425247546,030758836X,0385536070,0399160132,0312642717,0316097497,0399157689,0446572993,0553801473,1937007448,0805090037,0446564478,0345527356,1451658907,0765316994,0061692042,1451664125,1439156417,0345526511,0307594165
2012-07-01,0385536070,1400069483,030758836X,0385531389,0061961299,0061692042,0399160132,0345527356,0446572993,0316097497,0399157689,0553801473,0425247546,0805090037,1439156379,1451658907,0446564478,1937007448,0312642717,0307599469
2012-07-08,0345527771,030758836X,0385536070,1400069483,0061692042,0553801473,0446572993,0399160132,0385531389,0061961299,0399157689,0316097497,0062067753,0345527356,0805090037,193636574X,0399158839,1451658907,1937007448,0446564478
2012-07-15,030758836X,0345527771,0061784796,031609983X,1400069483,0812992970,0385536070,0553801473,0061692042,0385531389,0061961299,0446572993,0316097497,0805090037,0061928127,0307599469,0399157689,0345527356,1937007448,0399160132
2012-07-22,030758836X,1451617755,0345527771,0345528506,0061784796,1400069483,0553801473,031609983X,0385536070,0812992970,0061928127,0061692042,0061961299,1451672721,0385531389,0446572993,0805090037,0307599469,0316097497,1937007448
2012-07-29,0670023485,0316097462,030758836X,0399157328,1451617755,0345527771,0062106066,0553801473,0062206281,0525952632,0345528506,1400069483,0385536070,031609983X,0061784796,0061928127,0812992970,006165597X,0061961299,0316097497
2012-08-05,0062073125,030758836X,0316097462,0670023485,1451648138,0399157328,0385534795,0553801473,1451617755,0312611617,0345527771,0061928127,0385536070,0765329042,1400069483,0345528506,0812992970,0061784796,0525952632,0062206281
2012-08-12,030758836X,0312554192,0385343213,1439192987,0062073125,0670023655,0316097462,0670023485,1451648138,0553801473,0061731161,0399157328,0385534795,1451617755,0525952837,193636574X,0385536070,0061928127,0345527771,0812992970
2012-08-19,030758836X,0553807749,0312554192,0385343213,1439192987,0062073125,1451681739,0316097462,0670023485,0553801473,0670023655,1451648138,0425258742,0399157328,0385534795,0061731161,0812993292,1451617755,0061928127,0345527771
2012-08-26,030758836X,0525952861,0312554192,0786962232,0553807749,0399157514,1451681739,0312546610,1439192987,0062073125,0385343213,0553801473,0316097462,0670023485,0758258577,0670023655,1451648138,0345530594,0307959945,0345535405
2012-09-02,030758836X,0345528921,0312554192,145162607X,1451681739,0553801473,0553807749,1439192987,0062073125,0385343213,0670023485,0525952861,0307959945,0399157514,0316097462,0786962232,0670023655,0316204277,1451648138,0758258577
2012-09-09,030758836X,0345528921,0345523474,1451681739,0553801473,0312554192,0553807749,1439192987,0316204277,0062073125,145162607X,1451645678,0670023485,0307959945,0385343213,0316097462,0525952365,0670023655,0786962232,0525952861
2012-09-16,030758836X,0312655460,0345515633,1439102430,1451681739,0553801473,0345528921,0312554192,0385343213,034551064X,0553807749,1439192987,1416550763,145162607X,0670023485,0316204277,0307959945,0399157514,0345523474,0062073125
2012-09-23,1401322786,0316097446,030758836X,0399159266,0553801473,1451681739,0345515633,1594203970,0553807994,0312655460,0345528921,1439102430,0451464761,0312554192,0399158499,0061990019,0553807749,1770411216,1439192987,0385343213
2012-09-30,0385344333,030758836X,1401322786,0399158812,0061493341,1594487367,0316097446,1401324444,0399159266,0399159495,031607991X,0553801473,1451681739,1594203970,0345515633,1451665164,0399158499,0345528921,0312655460,1439102430
2012-10-07,0525952926,0385344333,030758836X,1401322786,1455501557,0399159843,0061493341,1594487367,0316097446,0765321556,0399158812,0399159266,0553801473,0399159495,1451681739,1401324444,076533271X,0312616252,1594203970,031607991X
2012-10-14,0316228532,0525952926,030758836X,0385344333,1401322786,1594487367,1455501557,0316097446,0061493341,045123801X,143917282X,0399158812,0399159843,0553801473,0399159266,1451681739,1401323146,0373777027,0399159495,1401324444
2012-10-21,0316228532,0399157700,0525952926,030758836X,1401322786,0385344333,0425255808,0060004878,0307960471,1594487367,0312546343,0061493341,1455501557,0316097446,0547819234,0062065246,0553801473,0399159843,0399158812,0756407451
2012-10-28,0316228532,0316199869,030758836X,0525952926,0399157700,1401322786,0385344333,1594487367,0060004878,1455501557,0316097446,0307960471,0061974323,0061493341,0062065246,0553801473,0425255808,1451681739,0547819234,1594204772
2012-11-04,0446580848,0345504984,0316228532,0399157565,0316199869,030758836X,0525952926,1439152802,1401322786,0399157700,0312547749,0385344333,0312651244,0765332175,1594487367,0060004878,0553801473,0062065246,1594204772,0307960471
2012-11-11,0385535147,0446580848,0316228532,0316036315,1451647018,0399157565,030758836X,0316199869,0345528875,0525952926,0345504984,1401322786,0316219363,0399157700,1439152802,0307907333,0385344333,0060004878,0062065246,1594487367
2012-11-18,0385535147,0385343205,0316228532,0446580848,030758836X,145162803X,0399157565,0525952926,0385344406,0316199869,0316036315,0345504984,0345528875,0525953604,1401322786,1439152802,1451647018,0553801473,0385344333,0399157700
2012-11-25,0385535147,0399162925,0062124269,030758836X,0316228532,0446580848,0385343205,0399157565,0525952926,0316199869,145162803X,0316036315,0345528875,1401322786,1439152802,1451638450,0345504984,1451647018,0553801473,0385344333
2012-12-02,141659521X,0316210684,0385535147,0385536828,0062124269,030758836X,0399162925,0316228532,0446580848,145551604X,0525952926,0385343205,0399157565,0062065246,0307596885,145162803X,1401322786,0316219363,0316199869,0316036315
2012-12-09,0345527747,0446573051,1476716692,141659521X,0385535147,0316210684,0316228532,030758836X,0062124269,145551604X,0399162925,0062065246,0525952926,1401322786,0446580848,0385536828,0385343205,0399157565,0307596885,147670631X
2012-12-16,0451464400,0316069434,0345527747,0446573051,0385535147,1476716692,0316210684,141659521X,030758836X,0316228532,0062124269,145551604X,0525952926,0062065246,1401322786,0399162925,0385536828,0446580848,0307596885,0553801473
2012-12-23,0399160450,030758836X,0385535147,0345527747,0446573051,0316210684,0316069434,1476716692,0525952926,141659521X,0316228532,0451464400,0062124269,145551604X,0062065246,1401322786,0385536828,0399162925,0307596885,0385350287
2012-12-30,0385535147,030758836X,0399160450,0345527747,0446573051,0316210684,0316228532,0446554995,0316069434,0385350287,141659521X,1476716692,0062124269,1401322786,0062065246,145551604X,0525952926,0805090037,0385536828,0451464400
2013-01-06,0385535147,030758836X,0399160450,0316210684,0316228532,0345527747,0446573051,145551604X,1401322786,0385350287,0062124269,141659521X,0316069434,1476716692,0062065246,0525952926,0805090037,0446554995,0385536828,0553801473
2013-01-13,030758836X,0385535147,0316210684,0316228532,0399160450,145551604X,0446573051,0345527747,0385350287,0316069434,141659521X,1401322786,0062124269,0525952926,0062065246,0446554995,1476716692,0451464400,0553801473,0805090037
2013-01-20,030758836X,0399160663,0385535147,0446573051,0399160450,0385350287,145551604X,0345506936,0345527747,0316228532,0316069434,0316210684,0062065246,0446554995,141659521X,0525952926,0062124269,1401322786,0553801473,0451464400
2013-01-27,0765325950,030758836X,0812993802,0399163832,039915986X,0312651325,0385350287,006199104X,0385535147,0399158952,0061969672,0446573051,145551604X,0399160450,0399160663,0062065246,0670026603,0399158111,0525952926,0345527747
2013-02-03,0765325950,030758836X,0446553972,0812993802,145164020X,0525953612,0385535147,0385350287,0316224588,0399163832,0446573051,145551604X,039915986X,0062065246,0312651325,0399160450,006199104X,0399160663,0345528670,0061969672
2013-02-10,0316211176,0765325950,0399161481,030758836X,0061957917,0812993802,0446553972,145164020X,0385535147,0385350287,0525953612,0446573051,0062065246,039915986X,145551604X,0399160450,0553801473,0525952926,0316224588,0399163832
2013-02-17,0345530888,030758836X,0765325950,0316211176,0812993802,0399161481,1439165319,0385344031,0446553972,0385535147,0061957917,0399158685,145164020X,0385350287,0525953612,0062015680,0062065246,0446573051,0553801473,145551604X
2013-02-24,030758836X,0812993802,0765325950,0525953078,0316211176,0345530888,0399161481,1439165319,0385350287,0446553972,0385535147,1451628684,0399158685,145164020X,0345528670,0061957917,0553801473,0062065246,0525953612,0062248391
2013-03-03,0307273571,030758836X,0812993802,0345505735,0765325950,0316211176,0399161481,0525953078,0770437850,039915972X,0446553972,0345530888,0312567472,0385350287,0307957233,0385535147,0399158685,1439165319,0345503821,0553801473
2013-03-10,0316097519,0307273571,030758836X,0765325950,0345505735,0812993802,0770437850,0316211176,0061990639,0525953078,0345530888,0307957233,0399161481,0385535147,1439165319,0312567472,0385350287,0553801473,0446553972,0307959961
2013-03-17,0399158820,1439102767,0316097519,030758836X,0307273571,0758280343,0765325950,0770437850,0345505735,0812993802,1439165319,0525953078,0553801473,0312550650,0307957233,0316211176,0399161481,0345532600,0385535147,0345530888
2013-03-24,0441020011,0399161775,1439102767,0316097519,0307273571,030758836X,1414319703,1451647034,0399158820,0786963646,1451638698,0770437850,0765325950,039915812X,0812993802,0553801473,0345505735,0425252884,1439165319,0525953078
2013-03-31,1439102767,030758836X,0316097519,0307273571,0399160752,0399161775,0345523504,0399158820,0441020011,1414319703,0770437850,0765325950,0553801473,1451647034,0812993802,0307959929,039915812X,0786963646,1439165319,1455525588
2013-04-07,0525953485,1439102767,030758836X,0316097519,0307273571,0399161775,0399160752,0765323982,0770437850,0553801473,1414319703,0399158820,0062231707,0441020011,0345523504,0765325950,1451647034,0812993802,0312591837,039915812X
2013-04-14,0451239350,0525953485,1400067685,0062049607,030758836X,1439102767,0802121012,0316097519,0307273571,1250028655,0553801473,0399161775,0770437850,0399160752,0765325950,1414319703,0441020011,1455504769,1451645821,1451647034
2013-04-21,0345528816,0385349831,0316176486,1400067685,0525953485,030758836X,0451239350,1439102767,0307273571,1250028655,0316097519,0553801473,0062049607,1400043131,0770437850,006222543X,0062220756,0802121012,0061655988,0399160752
2013-04-28,1451668945,1250010071,0316176486,0399159878,1400067685,0385349831,030758836X,0525953485,0345528816,1439102767,1594488398,0812993144,0345536665,0553801473,0307273571,0316097519,0670026107,1250028655,006222543X,0451239350
2013-05-05,0399159894,1451668945,0316176486,030758836X,1250019982,1400067685,1250010071,0399159878,0525953485,0345528816,1594488398,0553801473,0399160795,1439102767,0385349831,1250028655,0307273571,0316097519,0451239350,0765325950
2013-05-12,1455521213,0399159894,0312577214,0385535309,0316176486,0812993845,1451668945,030758836X,1400067685,0399159096,1250010071,1594488398,0525953485,0553801473,0062105620,0399159878,0345528816,1250028655,1439102767,1250019982
2013-05-19,031621082X,1455521213,0399159894,125000098X,0062200577,1451668945,030758836X,0312577214,0316176486,0385535309,1400067685,0778314936,1594488398,0553801473,0812993845,0345532740,0525953485,0307596907,0062105620,1250010071
2013-05-26,193700788X,0399159312,031621082X,1455521213,1451628293,0670014893,0399159894,030758836X,1451668945,0399161570,0316176486,125000098X,0385535309,0062200577,0312577214,1476709157,1400067685,0307596907,0553801473,1594488398
2013-06-02,0385537859,193700788X,0399159312,031621082X,1455521213,0670014893,030758836X,0399159894,1451628293,125000098X,0553801473,0307596907,0385535309,0062200577,0385535988,1451668945,0316176486,0061468436,0399161570,0312577214
2013-06-09,0385537859,159463176X,193700788X,031621082X,1455521213,0399159312,0345527380,030758836X,0670014893,0544115899,0553801473,0307595854,0316176486,0399159894,125000098X,0385535309,1401324908,0062200577,1451628293,1400067685
2013-06-16,0385537859,159463176X,0553807730,039916250X,1455521213,193700788X,0399159312,031621082X,030758836X,0062120395,0345527380,0553801473,0670014893,0316176486,125000098X,0385535309,0307595854,0062200577,1451628293,0670025836
2013-06-23,0385537859,159463176X,1439136637,1455517062,1250019672,039916250X,0553807730,1455521213,0399159312,030758836X,0553801473,0062120395,1400069599,031621082X,193700788X,067002645X,1476706123,0345527380,1594486409,0062200577
2013-06-30,0385537859,159463176X,0307272591,1451661509,1451635834,0345526546,0062132466,1439136637,1455521213,039916250X,0553801473,030758836X,0062120395,1455517062,0553807730,1250019672,1400069599,0399159312,031621082X,193700788X
2013-07-07,0062255657,0385537859,159463176X,0307272591,0345543041,1451661509,0525952977,0062132466,1439136637,1451635834,030758836X,0345526546,0062120395,1455521213,1250007038,0553801473,1455517062,1400069599,1250019672,039916250X
2013-07-14,0385537859,0316211222,159463176X,0062255657,0307272591,006178480X,0316099783,030758836X,0345543041,1451661509,0062132466,1400068312,1439136637,0062120395,1400069599,0553801473,0525952977,0758258585,0345526546,1455521213
2013-07-21,0385537859,159463176X,0062255657,0316211222,0425255700,0307272591,030758836X,0316099783,006178480X,0345539478,1451661509,1594746370,0062132466,0345543041,0553801473,1451649916,1400068312,1439136637,0316176486,0525952977
2013-07-28,0385537859,1476717095,159463176X,0062255657,0399157336,0316211222,030758836X,0307272591,0316099783,1594746370,0385534817,1451661509,006178480X,0553801473,0425255700,0345543041,0345511425,1400068312,0062132466,0062120395
2013-08-04,0062073168,0385537859,0316206849,0385338309,159463176X,1476717095,0062255657,030758836X,0316211222,0399157336,0345523539,0307272591,1250019990,038553521X,1594746370,0385534817,0553801473,0316099783,1451661509,006178480X
2013-08-11,0316206849,0385537859,0062073168,159463176X,1476710767,030758836X,0062255657,0385338309,1476717095,1451626096,0307272591,0316211222,0553801473,0399157336,038553521X,1594746370,0385534817,1451661509,0316099783,0062120395
2013-08-18,0316206849,0385537859,159463176X,0062073168,030758836X,0062255657,0312583206,1476717095,0385338309,1476710767,0307272591,0525953876,0553801473,0316211222,1451626096,1594746370,0399159347,1400069297,0385534817,0399157336
2013-08-25,0316206849,0316211079,0385537859,159463176X,030758836X,0525953019,0062073168,0399162577,0062255657,0786963719,0399159347,0553801473,1476717095,0385338309,1594746370,0312583206,0307272591,1476710767,1451626096,0316211222
2013-09-01,0316206849,0316211079,034552893X,0385537859,159463176X,030758836X,0062073168,0062255657,0399159347,0553801473,1594746370,0786963719,0399162577,0385338309,1476710767,0307272591,0525953019,0345535820,1451626096,1476717095
2013-09-08,0316206849,0385537859,0316211079,159463176X,0765335999,140006788X,1620401398,030758836X,0399165274,0399159347,0062073168,0062255657,0553801473,034552893X,1594746370,1451645759,0670026611,0525952608,0399162577,1476734615
2013-09-15,0312655479,0316206849,0385537859,0316211079,159463176X,0061348171,1439102457,030758836X,140006788X,1620401398,0399159347,0345546830,0399165274,0765335999,0062073168,0553801473,0062255657,1594746370,0778315339,0345536703
2013-09-22,0385344341,0399162496,0316206849,1250029880,0385537859,0425268330,159463176X,0385528787,0312655479,0316211079,030758836X,0399159347,1620401398,140006788X,0061348171,0778315339,0553801473,1439102457,0062255657,1594746370
2013-09-29,0399158987,0385344341,0316206849,0399162496,0385537859,0399159509,0062134671,159463176X,0374281092,030758836X,0345522028,0399159347,0316211079,0312655479,0385528787,1250029880,0062255657,0425268330,1476703221,0385534930
2013-10-06,1455520659,1455576425,0399164421,0399158987,0385344341,1594204233,0399164731,1401324800,0316206849,0385537859,159463176X,030758836X,0399162496,0670785695,0399159509,0399159347,0374281092,0062134671,0385528787,0312655479
2013-10-13,1476727651,1455520659,0307265749,1455576425,0385344341,0399158987,1455501514,0399164421,0399164731,0385537859,0316206849,159463176X,030758836X,1594204233,0399159347,1401324800,0670785695,0374281092,0399162496,0385528787
2013-10-20,1476727651,1455520659,0316210986,0670024856,0307265749,1455576425,0385344341,0399158987,1250020026,0062270486,1455501514,0385537859,0399164421,1455576646,159463176X,0451240197,0316206849,030758836X,0399159347,0399164731
2013-10-27,0399159304,1476727651,1455520659,0316210986,1594204780,0345528891,0385351399,0399164146,0670024856,0307265749,0385533039,1455576425,0385344341,0399158987,0312548176,0385537859,0553804693,030758836X,0399159347,159463176X
2013-11-03,1476727651,0525952969,1455520659,1455527203,0399159304,0307960498,0385350864,0316210986,0385349963,0385351399,0670024856,0307265749,1455576425,0316074314,0399159207,0385344341,1594204780,0670015784,0399164146,0345528891
2013-11-10,0385537131,0316055433,1476727651,0061941026,1455520659,1455527203,0399159304,0316210986,0385350864,0525952969,0385351399,0307265749,0670024856,0399157883,0679644059,0307960498,0385344341,1455576425,0385537859,0345528891
2013-11-17,0385537131,0425269515,0316055433,0385343221,1476727651,1455520659,1250027659,0316201642,0061941026,1455527203,1451647050,0679644059,0316074314,0399159304,0385351399,0316210986,0385537859,0525952969,0345528891,0307265749
2013-11-24,0385537131,0399158081,0316055433,0062107313,0307378411,1400065941,1476727651,1455520659,0385343221,0316201642,0061941026,1455527203,0679644059,1250027659,0670024856,0385537859,0307265749,0399159304,0425269515,0345528891
2013-12-01,0062294377,0385537131,0399157573,1455525839,0316055433,1476727651,0062107313,1455520659,0399158081,1400065941,0316201642,1439140219,0061941026,1455527203,0316074314,0385343221,0307378411,0679644059,0385537859,0316098868
2013-12-08,0345542886,1455521310,0385537131,0062294377,0316055433,0399157573,1476727651,0062107313,0316201642,1455520659,1455525839,0399158081,1400065941,0385537859,0061941026,1455527203,159463176X,0307378411,0316074314,1594204780
2013-12-15,0316210919,0385537131,0345542886,0062294377,1455521310,1476727651,0316201642,0316055433,1455520659,0062136585,0399157573,0062107313,0385537859,1400065941,1455525839,0399158081,159463176X,0061941026,0316074314,0385343221
2013-12-22,0399160477,0385537131,0316069515,1476727651,0316210919,0062294377,0316055433,0345542886,1455521310,0385537859,0316201642,1455520659,0062107313,0399157573,159463176X,1400065941,0062136585,076533206X,1594204780,0670024856
2013-12-29,0385537131,0062294377,0399160477,0316055433,1476727651,0316210919,0316069515,0345542886,0553808036,1455521310,1455520659,0316201642,159463176X,0385537859,0062107313,1594204780,0399157573,0316074314,0670024856,1400065941
2014-01-05,0385537131,0062294377,0316055433,0399160477,1476727651,0316210919,0345542886,1455520659,0385537859,1455521310,0316069515,159463176X,0553808036,0316201642,0316074314,0062107313,0399157573,0670024856,0385351399,0399158987
2014-01-12,0385537131,0062294377,1476727651,0399160477,0316055433,0316210919,1455520659,0385537859,0345542886,0316069515,1455521310,0553808036,159463176X,0062107313,0316201642,0316074314,0399157573,0385351399,030758836X,0307265749
2014-01-19,0316055433,0385537131,0399160671,0062294377,0399160477,1476727651,0316210919,0316069515,1455521310,0345542886,0399165894,0385537859,1455520659,0553808036,030758836X,159463176X,0399159347,0307265749,0062107313,0316201642
2014-01-26,0670024783,0316055433,0425270793,0399164154,0385537131,0399160671,0061969702,0062294377,0525953086,0399165126,0399160477,030758836X,1476727651,0316069515,0316210919,1455521310,0399165266,0553808036,0345542886,1455520659
2014-02-02,0670024783,0316055433,0316207047,0062294377,0385537131,0385344058,030758836X,0399164154,0399160477,0525953086,0399159347,0316069515,0525954287,0316224553,1476727651,0316210919,0399160671,1455520659,0525953973,0425270793
2014-02-09,0316055433,0670024783,0316207047,0385537131,125001980X,0062294377,0062196243,030758836X,0345516532,0399160477,0399159347,0399164154,0316069515,1476727651,0316210919,0062237187,0316224553,0525953086,0312376863,0399160671
2014-02-16,0670024783,0316055433,1400065755,0316207047,0385537131,0062294377,030758836X,0385349580,0399160477,0345516532,0399159347,0062196243,1476727651,0316069515,0399164154,125001980X,0062291408,0062092812,0316210919,0345539788
2014-02-23,0316055433,0670024783,1400065755,0385351836,0385537131,0316207047,030758836X,0062294377,0385349580,0399159347,0399166300,0345516532,1250050936,1476727651,0062291408,0062196243,1455547387,0345543793,0399160477,125001980X
2014-03-02,0316211125,0316055433,0345505751,0670024783,1400065755,0385351836,0385537131,0399159738,030758836X,0062294377,0316207047,0804139024,1476727651,0385349580,0399159347,1455547387,0385538499,0062083392,0399160477,0307908259
2014-03-09,039916443X,0316211125,0316055433,0670024783,0765321564,1400065755,0385351836,0345505751,0385537131,1476745005,0804139024,030758836X,0399159738,0062294377,1451693567,0316201642,0399159347,0062083392,0316207047,0385538499
2014-03-16,0061957933,0316055433,0345543084,0316211125,039916443X,0670024783,0758280378,1400065755,0385351836,0385537131,0345505751,0804139024,0307594130,1451693567,0399159347,030758836X,0062294377,1476745005,0399159738,1476727651
2014-03-23,0765326361,0399167293,0316055433,0670024783,0316211125,0345543084,0399158138,039916443X,1400065755,0385537131,0061957933,0385351836,1250052017,0804139024,0399159347,0345505751,030758836X,1451693567,0062294377,1594204993
2014-03-30,0345530918,042525674X,1250034485,0399160760,0765326361,0316055433,0670024783,0399167293,0316211125,0345543084,1400065755,0385351836,0385537131,1594204993,0385348452,039916443X,0765322749,0399159347,0786965118,030758836X
2014-04-06,0525953493,038553826X,0316055433,0345530918,0670024783,1250034485,0399167293,0765326361,0399160760,042525674X,1414336241,1594747156,1250036135,0399159347,1455599492,0786965118,0345543084,0385537131,0316211125,1400065755
2014-04-13,0316211230,0525953493,0316055433,0345528840,0670024783,0345530918,1250034485,0312591845,0399160760,0765326361,1414336241,0399167293,038553826X,0399159347,042525674X,1594747156,030758836X,0385537131,1400065755,0345548388
2014-04-20,0451417054,147674906X,0316211230,0525953493,0316055433,0670024783,0802122647,0312614586,0345530918,1250034485,0062279386,0345528840,0399159347,0765326361,031632468X,1250032350,0385537131,1594747156,030758836X,1414336241
2014-04-27,147674906X,1250010098,0399164162,0316055433,0316211230,0525953493,0670024783,0451417054,1594633177,0670026115,1250034485,0399159347,0345528840,0802122647,031632468X,030758836X,0399160760,0062279386,1476736332,1414336241
2014-05-04,0399164456,0316055433,147674906X,0316211230,1250010098,0670024783,0399164162,0525953493,030758836X,0399159347,0385537131,0451417054,1250034485,031632468X,1616203218,0765326361,0345528840,1594747156,1594633177,0062279386
2014-05-11,1455521205,0316055433,0385351852,0399164456,0061779768,0399165142,147674906X,0670024783,0316211230,0525953493,1250010098,0399164162,0399159347,0061713783,0061656003,1616203218,0385537131,1414368186,1400065755,0765326361
2014-05-18,1455521205,0062311077,0316055433,0399164456,0385351852,0670024783,147674906X,0061779768,1250010098,0316211230,1250020042,1414368186,0525953493,0399159347,1616203218,0399164162,0399165142,0062294377,0385537131,1594747156
2014-05-25,031621129X,0399162380,1451628315,1455521205,0316055433,0062311077,0399164456,0385351852,0670024783,1476746583,1400069629,0425263150,0399161589,147674906X,0871407868,1476709181,0756408792,1476758905,0399159347,0374266328
2014-06-01,031621129X,0316055433,0399162380,1455521205,0062311077,0670026468,0385351372,1455517135,1451628315,0062135252,0765317699,0670024783,0871407868,0385351852,1476746583,0399164456,1400069629,0399161589,0399159347,0804138567
2014-06-08,0345546881,0316055433,031621129X,0345526570,0399162380,1455521205,1451640218,0062311077,1476746583,1455517135,0670024783,0385351372,0385351852,1451628315,0871407868,0670026468,0062135252,1400069629,0399164456,0399159347
2014-06-15,0451464397,0399167315,0316055433,0345546881,031621129X,1476746583,1455521205,0399162380,0062311077,0345526570,0670024783,0525954600,1451640218,0399159347,1451628315,0871407868,1455517135,1594631573,0385351852,0670026468
2014-06-22,1476754454,0451464397,0062132520,0316055433,0425255662,1400069491,0345546881,0345527410,1250019699,081299289X,031621129X,0399167315,1455521205,1476746583,0399162380,1476724024,0345526570,0062311077,1594631573,0670024783
2014-06-29,0385344430,1476754454,0316055433,1455521205,0316099759,0345546881,031621129X,0451464397,0062132520,1476746583,0399167315,0345527410,1400069491,081299289X,1594631573,0062311077,0399162380,0345526570,0765329069,0670024783
2014-07-06,0345542924,0316206873,0385344430,1476754454,145161778X,0316055433,0345537262,0345546881,0062132520,0316099759,1476746583,1455521205,0451464397,1594631573,031621129X,0525953884,0345548485,1400069491,0399167315,081299289X
2014-07-13,0316405345,0345542924,0316206873,1476754454,0385344430,0316055433,145161778X,1476746583,0345547497,1594631573,0062132520,0316099759,1400069491,0345546881,0670024783,1455521205,0399159347,0451464397,081299289X,031621129X
2014-07-20,0316405345,0316206873,0345542924,1476754454,0345545931,0316055433,0385344430,145161778X,1476746583,1594631573,0525426582,159474713X,0062132520,0316099759,0670024783,0062220500,1250042968,0345546881,1400069491,0399159347
2014-07-27,1476717125,0399157344,0316250813,0316405345,0316206873,0345542924,0316055433,1476754454,0385344430,1250049377,145161778X,1476746583,0446527955,1594631573,0525426582,0345540700,0345545931,0670024783,0385534833,1250029570
2014-08-03,0670025593,006232005X,1476717125,0399169113,0316405345,0316055433,0316206873,0345542924,1476710791,1476754454,0399157344,0399158588,0385344430,1476746583,145161778X,0670024783,1594631573,0525426582,1250020522,0345545931
2014-08-10,006232005X,0670025593,039917334X,0345530942,0316055433,1476717125,0316206873,0316405345,0062134701,1476754454,0345542924,1476746583,0385344430,1476710791,0399169113,0316250813,0670024783,0399157344,1594631573,0399159347
2014-08-17,0399167064,006232005X,039917334X,0670025593,0316055433,0525954457,0345530942,1476717125,1476746583,0316206873,0316405345,1476754454,0425256227,0345542924,0385344430,1400067243,0399159347,0670024783,0062134701,0399169113
2014-08-24,0670015679,0399167064,1455525774,0765327740,0316055433,006232005X,0670025593,039917334X,1476746583,0316206873,0345530942,0316405345,1476717125,0399171231,1476754454,0399159347,1400067243,0385344430,1451649940,0670024783
2014-08-31,0385352107,0553391135,0061784818,0399167064,0316055433,006232005X,0670025593,1476746583,1455525774,0670015679,039917334X,0316206873,0553392425,0385344430,0399159347,0345530942,0316405345,1476754454,0765327740,0670024783
2014-09-07,0385352107,1101874082,0399167064,0316055433,1455581127,147675666X,1476746583,006232005X,0061784818,0553391135,0670025593,147674923X,0316206873,1455525774,039917334X,0399159347,0385344430,0345530942,0670024783,1476754454
2014-09-14,1250022061,0385352107,0316055433,0399167064,0316079928,1101874082,1455581127,1476746583,147675666X,0061784818,0670025593,0399159347,0670024783,0062106074,1455525774,0385344430,006232005X,0316206873,0062306812,0765375869
2014-09-21,0804178747,0399167447,1400065674,0670026328,0399167307,0385352107,1250022061,0316055433,0399167064,1455581127,1476746583,0425271447,1250029910,147675666X,1101874082,0425265005,0062270184,1451687478,0399159347,0061784818
2014-09-28,0804178747,0399167447,0399164448,0385539703,006195795X,1400065674,0670026328,1451626118,0399167307,0385352107,0399169458,1476746583,006229721X,0316055433,0399167064,0307956997,1250022061,1455581127,1101874082,147675666X
2014-10-05,0525953094,0804178747,0399167447,1400065674,0399164448,1401324819,0385539703,0670026328,0374292086,1476746583,0399167307,1594633118,0316055433,006229721X,0399162364,0385352107,0399167064,147675666X,1451626118,1250022061
2014-10-12,0525953094,0804178747,0399167447,0345544013,1476746583,1400065674,1594633118,0385539703,0670026328,0316055433,0399164448,0062271601,0399167064,0385352107,1101874082,0399167307,0399169458,1401324819,006229721X,0385353308
2014-10-19,0316211044,0525953094,0399167447,0804178747,1476746583,0385539703,1400065674,0399164766,1594633118,0399167064,0345544013,0316055433,0670026328,1439187037,0385353308,0374292086,1101874082,0385352107,0399164448,0670024783
2014-10-26,0399162372,0316211044,0525953094,0374187614,0399167447,0804178747,1476746583,0307700313,0399169121,0385539703,0399167064,0316055433,1594633118,1439138338,1627792104,0670026328,0345544013,0399164766,0553391151,0399159347
2014-11-02,0345544927,0399162372,0525953094,0316211044,0399167447,0374187614,1476746583,0804178747,0307700313,0385352859,0316376116,0553391151,0316055433,1439138338,1594204799,1594633118,0399169121,0399167064,0385539703,0385353308
2014-11-09,038553714X,0345544927,0525953094,0399162372,0385538030,006227645X,0374187614,1476746583,0316211044,0399167447,0812993861,0804178747,0307700313,0525427910,0316376116,0553391151,0399169121,0316055433,0385352859,0385539703
2014-11-16,038553714X,0756410436,0307962520,0399172920,0345544927,0307911543,0345530977,0525953094,0399158448,0399162372,1476746583,0374187614,0316211044,0399167447,0804178747,0385538030,0316376116,0553391151,0316055433,0399169121
2014-11-23,038553714X,0316225932,0307962520,0345544927,0756410436,0525953094,0399172920,1476746583,0374187614,0399162372,0345530977,0307911543,0399167447,0061692069,0804178747,0307700313,0399158448,0316211044,0316055433,0374280592
2014-11-30,1476770387,038553714X,0062325345,0316225932,1455525898,0307962520,0345544927,1476746583,0525953094,0756410436,0399172920,0374187614,0399167447,0399162372,0307911543,0316055433,0061692069,0345530977,0385352859,0670024783
2014-12-07,1455521191,1476770387,038553714X,1476728208,0316225932,1476763127,0062325345,1476746583,0345543122,0307962520,0345544927,0525953094,1455525898,0756410436,0374187614,0399167447,0399172920,159420571X,0316055433,0307911543
2014-12-14,031621096X,1455521191,038553714X,1476770387,0316225932,1476746583,0307962520,0345544927,0062325345,1455525898,1476763127,1250027705,0525953094,1476728208,0316055433,0345543122,0399172920,0399167447,1594204993,0756410436
2014-12-21,031621096X,038553714X,1455521191,1476770387,0399173358,1476746583,0316225932,0345544927,0062325345,0525953094,0307962520,1476728208,1476763127,0399167447,1455525898,0316055433,159420571X,1594204993,0374187614,0756410436
2014-12-28,038553714X,1476746583,1476770387,031621096X,1455521191,0399173358,0345544927,0316225932,0525953094,0062325345,0307962520,1439199353,0316055433,0399167447,1476728208,1476763127,159420571X,0385353308,1594204993,0374187614
2015-01-04,038553714X,1476770387,031621096X,1476746583,1455521191,0399173358,0345544927,0316225932,1594204993,0525953094,0316055433,0062325345,0307962520,0385353308,1439199353,0399167447,1476763127,0374187614,1476728208,1400065674
2015-01-11,038553714X,1476746583,031621096X,1476770387,1455521191,0399173358,0345544927,1594204993,0316225932,0062325345,0307962520,0316055433,0525953094,0385353308,1439199353,1400065674,1476763127,0399167447,0374187614,0062377183
2015-01-18,1476746583,038553714X,031621096X,1455521191,0345543858,1476770387,039917124X,0399173358,0399171940,0345544927,052595399X,0385353308,0316225932,1439199353,0316055433,1476767319,0399167064,0307962520,1594204993,0525953094
2015-01-25,1476746583,038553714X,0345539931,0399169156,006225071X,0345539818,031621096X,1455521191,1439199353,1476770387,0399167064,0385353308,0399165134,1414336276,1594204993,0316055433,0399173358,1476746826,0345544927,159420571X
2015-02-01,1476746583,1594633665,0345545877,038553714X,0525954546,1439172560,1455521191,031621096X,1439199353,0399169156,0385353308,0399167064,006225071X,1476770387,0316055433,0399165134,1414336276,0345544927,0399173358,0345539818
2015-02-08,1594633665,1476746583,0345545877,1250019834,0385344414,038553714X,1439199353,031621096X,1455521191,0399167064,1439172560,0525954546,0399169156,0385353308,0670024783,1594204993,0316055433,0345544927,006225071X,1476770387
2015-02-15,1594633665,1476746583,031621115X,038553714X,0345545877,1439199353,1250019834,1455521191,0399167064,0385353308,1620408937,031621096X,0525954546,0399169156,1439172560,0670024783,159420571X,0345544927,0316055433,0385344414
2015-02-22,1594633665,1476746583,0312577222,0062330268,031621115X,038553714X,0525954562,0345545877,1594205418,1439199353,1455521191,1250019834,0399167064,031621096X,1616203048,0525954546,0345544927,159420571X,0399169156,0316055433
2015-03-01,1594633665,1476746583,0399170871,1101874279,0312577222,0062330268,0345541375,031621115X,038553714X,0399159746,0062343262,0525954562,0345545877,1594205418,1439199353,0374172072,1455521191,0399169520,031621096X,1250019834
2015-03-08,1594633665,1476746583,1101874279,0312577222,0805093990,0399170871,1476790221,0345531795,0062330268,031621115X,0345541375,038553714X,1439199353,0399159746,1455521191,0525954562,0345545877,0670024783,0399169520,0399167064
2015-03-15,1594633665,1476746583,1250034515,0385343159,1101874279,0312577222,0805093990,038553714X,0062330268,0399170871,031621115X,1476790221,0758280408,1439199353,0062083422,0345541375,0399159746,0399167064,0670024783,0525954562
2015-03-22,1594633665,1476746583,030727103X,1101874279,0399171754,0312577222,0385343159,0425256758,0805093990,1250034515,1476704643,038553714X,0062330268,1451694148,031621115X,045146527X,0345544854,0345541375,0525954295,1439199353
2015-03-29,1594633665,1476746583,0399160779,1101874279,030727103X,0553391887,0312577222,0060004908,0399171754,0385343159,1451694148,1250034515,1476745048,0805093990,1250045428,0425256758,038553714X,0062330268,1476704643,031621115X
2015-04-05,1594633665,1476746583,0316406996,0062220551,1101874279,030727103X,0399160779,0312577222,0399171754,0553391887,1451694148,0060004908,0385343159,1250034515,0805093990,0812997530,1476704643,038553714X,0316212245,1439199353
2015-04-12,1594633665,0525953507,1476746583,0316406996,1101874279,0312577222,030727103X,0399158146,0399160779,0062220551,1451694148,1476704643,0060004908,0399171754,0553391887,0385343159,1250034515,1439199353,0805093990,038553714X
2015-04-19,1594633665,0451417070,0525953507,1476746583,1250056233,0385523238,1101874279,0312577222,030727103X,0316406996,0399158146,1451694148,0062349376,0345531485,0399160779,0399171754,0553391887,0062220551,1476704643,0060004908
2015-04-26,1594633665,1476746583,0525953507,0399169164,0802123538,0312577222,0385523238,1250056233,0385354193,0316410977,1101874279,147671777X,0316406996,1451687508,0399167641,030727103X,0451417070,1451694148,1476710457,0525427090
2015-05-03,1594633665,0399170863,1476746583,125001011X,0525953507,0312577222,0316410977,0385523238,1101874279,0399169164,1250056233,0316406996,0812993152,0385354193,1451694148,147671777X,030727103X,0802123538,0804197954,0451417070
2015-05-10,1455559822,1594633665,1476746583,0062311115,0307594173,0399170863,125001011X,0525953507,0312577222,0385523238,0399165150,0525427996,1101874279,0316410977,1250056233,1451694148,0399169164,0316406996,147671777X,0385354193
2015-05-17,0399168796,1455559822,1594633665,1476746583,0307594173,0062311115,0399170863,0385523238,0312577222,0307700321,0525953507,1501110993,125001011X,1101874279,0914671170,1250020085,0345511441,0316410977,1250056233,0399165150
2015-05-24,031640702X,1594633665,1476746583,1455559822,0399168796,0316176532,0062311115,0312577222,0307594173,0399170863,0062270516,0385523238,125001011X,1101874279,0425263193,1501110993,0525953507,0307700321,0425281647,1476709211
2015-05-31,1594633665,1476746583,031640702X,1455559822,0525426930,0399168796,0316176532,0385531400,0312577222,0062311115,0307594173,1476789630,1455517151,0385523238,0399170863,0062270516,1101874279,1501110993,0525953507,125001011X
2015-06-07,1594633665,1476746583,0062190377,1455559822,031640702X,1250065933,0399168796,0312577222,1250055806,0399170847,0385531400,1476789630,0525426930,0307594173,0062311115,0316176532,0385523238,0399170863,0062270516,1101874279
2015-06-14,0446580856,1594633665,1476746583,0399167323,0062190377,1455559822,031640702X,0385538057,1101875895,0312577222,1250065933,0399168796,1476789630,0307594173,0385531400,0385352875,0062311115,0385523238,0399170847,0525426930
2015-06-21,1501100076,1594633665,1476746583,1101875046,0446580856,1455559822,0062190377,031640702X,0399167323,0312577222,0345549198,1476789630,1101875895,1250065933,1476793743,0399168796,0385523238,0307594173,0385352875,0385538057
2015-06-28,1594633665,1501100076,1476746583,1101875046,0446580856,0062132563,0425255719,1476789630,1455559822,0312577222,031640702X,0062190377,1101875895,0525954619,0399167323,0345549198,1250065933,0062290398,0385342942,1250007046
2015-07-05,1594633665,1476746583,1501100076,039917575X,044655393X,0316334529,0446580856,0345531000,1101875046,1455559822,0062132563,0312577222,1476789630,0345549198,031640702X,1101875895,0316410977,1250048230,0399167323,0062190377
2015-07-12,1594633665,1476746583,0316407011,1501100076,1101875046,1476749116,0553392719,039917575X,0316334529,044655393X,0446580856,0345531000,0312577222,1476789630,1455559822,0062132563,1101874996,1101875895,1250048230,031640702X
2015-07-19,0062320130,1594633665,1476746583,0316407011,1501100076,0316334529,1101875046,0312577222,1476749116,039917575X,0553392719,044655393X,0345531000,1476789630,0446580856,0553418777,1101874996,0525954902,0062132563,1455559822
2015-07-26,1594633665,1476746583,147671715X,0062320130,0399171274,0316407011,1501100076,1476789630,0316334529,0312577222,1476749116,1101875046,039917575X,044655393X,0553418777,0345531000,0345511530,0553392719,0446580856,1101874996
2015-08-02,0062409859,1594633665,1476746583,0804137250,0062320130,147671715X,0399174664,0312577222,0316334529,0399171274,0316407011,1476789630,1501100076,1101875046,1101874996,0553418777,1476749116,039917575X,044655393X,1250061563
2015-08-09,0062409859,1594633665,1476746583,0062320130,147671715X,0804137250,0345544048,0312577222,0316334529,1476789630,0553418777,1101875046,1501100076,1101874996,0399171274,0399174664,0316407011,039917575X,030790735X,0812995228
2015-08-16,0062409859,1594633665,1476746583,0345534182,0312583214,0062320130,147671715X,0312577222,0804137250,1476789630,0316334529,0345544048,0553418777,0451475267,1501100076,0316407011,0399171274,0399174664,0399160574,1101875046
2015-08-23,0062409859,1594633665,0316407038,1476746583,0345534182,0312577222,1476789630,0385352123,0062320130,1250029945,1451693591,147671715X,0399171177,0316334529,0312583214,042527067X,1501100076,0804137250,052542914X,0553418777
2015-08-30,0062409859,1594633665,1476746583,0316407038,0553391798,0345534182,145161781X,0312577222,1476789630,0062320130,1501112317,1451693591,0525953892,0553392921,147671715X,0553418777,0312583214,0385352123,0804137250,052542914X
2015-09-06,0062409859,1594633665,1476746583,145558116X,0316407038,0345534182,0345545311,145161781X,0553391798,0312577222,1476789630,0553418777,1594632022,1451693591,1501100076,1501112317,0062320130,0374202397,052542914X,1250077176
2015-09-13,0399163840,0062409859,1250022088,1594633665,1476746583,1476758794,0061779784,145558116X,0316407038,0312577222,0345534182,145161781X,1476789630,0553391798,0374202397,0345545311,1451693591,0553418777,1501100076,0062320130
2015-09-20,0385354282,0374239215,0062409859,034551162X,0399163840,1594633665,1476746583,0345531043,039917432X,1250022088,042527733X,145558116X,0312577222,1476758794,0316407038,0345534182,0786965754,0061779784,1476789630,145161781X
2015-09-27,0804178771,0385354282,0062409859,1594633665,034551162X,0374239215,1476746583,0399163840,081299891X,0345531043,039917432X,0399169466,0312577222,1250022088,006229766X,145558116X,1476758794,0345534182,0316407038,0062395106
2015-10-04,0804178771,0385354282,039917088X,0062409859,1476746583,1594633665,1594634475,0399163840,0399173803,0345543165,0374239215,0312577222,1401324827,0765376709,039917432X,034551162X,0345531043,081299891X,0062279416,1250022088
2015-10-11,0399167455,0804178771,0385354282,0062409859,1476746583,1594633665,0399163840,1594634475,0374239215,039917088X,0312577222,0345543165,0399173803,081299891X,0345534182,034551162X,039917432X,1476798176,1250022088,0345531043
2015-10-18,0316410985,0385354282,0525426590,0804178771,0451466802,0399167455,0062409859,1476746583,1594633665,0399163840,0312577222,0062429051,1594634475,0374239215,0385540353,1250020107,039917088X,0345531043,0399173803,039917432X
2015-10-25,1476783454,0345533488,0316410985,1476746583,0385354282,0062409859,0804178771,0765378558,0525426590,1594633665,0399167455,0670025771,0399176950,0312577222,0553391690,0451466802,0062429051,0399163840,1594634475,0374239215
2015-11-01,1455520616,1476783454,0316410985,0345533488,0385353774,1476746583,0385354282,0062409859,1594633665,0804178771,0399174672,0399167455,0525426590,0062319191,0312577222,0765321874,0553391690,0316261130,0670025771,1594634475
2015-11-08,0385539436,1455520616,0316349933,0062351427,1476783454,1451649320,0316410985,1476746583,0385354282,0345533488,0062409859,1594633665,0385353774,0804178771,0525426590,0312577222,0399167455,1476727392,0399174672,1594634475
2015-11-15,0385539436,1455520616,006232540X,0525954333,1476783454,0316349933,030791156X,1476746583,0345533488,0316410985,0812998685,0062351427,1476798842,0385354282,1594633665,1250027934,0062409859,0060548959,1451649320,0385353774
2015-11-22,1501111671,0316225886,0385539436,1455520616,1451664168,0316349933,006232540X,1476783454,1476746583,0345533488,1594633665,0525954333,0062409859,1476798842,0316410985,0385354282,0060548959,1501116975,0062351427,0804188971
2015-11-29,0385539436,1501111671,0316225886,0062294415,1455520616,1455525928,039916149X,1476746583,1501116975,0316349933,1594633665,1476783454,006232540X,0062409859,1451664168,1476798842,0385354282,0345533488,0525954333,0312577222
2015-12-06,0345542967,1455586420,0385539436,1501111671,1455520616,0316225886,1501108557,0399174117,1501119796,0062294415,1476746583,0307962334,1594633665,1455525928,0062409859,076538308X,1476798842,039916149X,1476783454,1501116975
2015-12-13,0316407046,0345542967,0385539436,1455586420,1501111671,1455520616,0062294415,1476746583,0316225886,0062409859,1594633665,1501108557,0399174117,1501119796,0307962334,0312577222,0345533488,1501116975,0385354282,1476783454
2015-12-20,0385539436,0316407046,0399176764,1501111671,1455586420,1455520616,0345542967,1476746583,0062294415,1594633665,0062409859,0316225886,0312577222,0345531035,0345533488,1501108557,1476798842,0385354282,1501116975,0399174117
2015-12-27,0385539436,0316407046,1455520616,1501111671,1476746583,1455586420,0399176764,1594633665,0062294415,0345542967,0062409859,0345545966,0312577222,0316225886,0345531035,0345533488,1476798842,0385354282,1501108557,1594634475
2016-01-03,0385539436,1476746583,1455520616,1501111671,0316407046,1594633665,0062294415,1455586420,0062409859,0399176764,0312577222,0345542967,0345545966,0345533488,0385354282,0316225886,0062381644,1594634475,1476783454,1451664168
2016-01-10,0385539436,0316407046,1476746583,1594633665,1455520616,1501111671,0062409859,1455586420,0062294415,0312577222,0399176764,0345542967,0345545966,0385354282,0345533488,0316225886,1594634475,034551162X,1476783454,0345531035
2016-01-17,1476746583,1594633665,0385539436,1455520616,1501111671,0312577222,0316407046,1455586420,0062409859,0062294415,0399176764,0345542967,0345545966,1594634475,0385354282,0345533488,0316225886,1501116975,0385539258,0060548959
2016-01-24,1101965495,1594633665,1476746583,0385539436,0312577222,1455520616,0316407046,1501111671,0062409859,1594634475,0385538898,0062294415,1455586420,0345533488,0345545966,0399176764,0385354282,0316225886,0385539258,1501116975
2016-01-31,1400067693,1101965495,1594633665,1476746583,0399174680,0312577222,0385539436,1455520616,0525954554,1594634475,0062409859,1501111671,1455586420,0385538898,0307957942,0316407046,0345545966,0062294415,0385541031,0525429476
2016-02-07,0345531051,1400067693,1476746583,1594633665,0312577222,1101965495,0385539436,0062250949,0399174680,0385344422,1455520616,1594634475,0316342513,0525954554,0062409859,1455586420,1501116975,0385538898,0316407046,0451474627
2016-02-14,0316407062,0345531051,1400067693,1476746583,1594633665,0765378574,0312577222,1101965495,0345528697,0385539436,1594634475,1455520616,0399174680,0062409859,0525954554,0062250949,0345548515,1455586420,1501111671,0385538898
2016-02-21,0399170898,0316407062,1476746583,1400067693,1594633665,0345541405,0312577222,0345531051,0385539436,1101965495,0345528697,1594634475,0765378574,0399174680,1455520616,0062409859,0525426590,1476781222,1455586420,0525954554
2016-02-28,0345539842,0399170898,0316407062,0525954570,1476746583,1594633665,1400067693,0312577222,0345531051,0345541405,0385539436,1455520616,0345528697,0399176144,1101965495,0525426590,1501111671,0062409859,1594634475,0812997174
2016-03-06,1250061628,1476746583,1594633665,0312577222,0399170898,0316407062,0525954570,1400067693,0062409859,0385539436,0345539842,1101990260,0345528697,0385354207,0345541405,0345531051,0525426590,1455520616,1501111671,1400068266
2016-03-13,1476746583,0553391925,1594633665,0312577222,0062409859,1250061628,1617732168,1400067693,0399170898,0316407062,1101990260,0525954570,0385539436,0345528697,0765376474,0525426590,1455520616,0345531051,0345541405,1400068266
2016-03-20,0399175954,1476746583,1594633665,0312577222,0553391925,1250061628,1400067693,0062409859,1101990260,0525954570,0316407062,1101947411,0525426590,0385539436,0345528697,0399170898,0345541405,1617732168,0345539842,1594634475
2016-03-27,0399176608,0425256766,1476746583,1594633665,0312577222,0399175954,1455536342,0802124801,1250061628,0062409859,1501110721,1101990260,1400067693,0553391925,1101947411,0525954570,0316407062,0345528697,0525426590,0451474473
2016-04-03,0316407054,034553106X,1476746583,0312577222,0399176608,1594633665,039917351X,0399175954,0425277356,1455536342,0425256766,0062409859,0525426590,0525953000,1101990260,0812989058,0553391925,1400067693,0802124801,1501110721
2016-04-10,0525955097,0316407054,0062414216,034553106X,1476746583,1594633665,0812993101,0312577222,0399176608,0399175954,0525426590,0062409859,1400067693,1455536342,039917351X,1101990260,1101947411,0345528697,0525953000,0425256766
