ISBN,Title,FirstDate,LastDate
0316037915,TICK TOCK,2011-02-13,2011-04-03
0446572993,THE INNOCENT,2012-05-06,2012-07-22
0385341679,SHADOWFEVER,2011-02-06,2011-03-06
0061374229,THE STORY OF EDGAR SAWTELLE,2008-06-29,2009-04-05
038553714X,GRAY MOUNTAIN,2014-11-09,2015-04-12
031621096X,HOPE TO DIE,2014-12-14,2015-03-01
0345527771,WICKED BUSINESS,2012-07-08,2012-08-19
0316018767,THE 8TH CONFESSION,2009-05-17,2009-07-12
0062255657,THE OCEAN AT THE END OF THE LANE,2013-07-07,2013-09-29
0399164456,THE COLLECTOR,2014-05-04,2014-06-08
0385539436,ROGUE LAWYER,2015-11-08,2016-03-20
141659485X,THE CHRISTMAS SWEATER,2008-11-30,2010-01-10
0399155872,BLACK HILLS,2009-07-26,2009-08-23
0446577898,THE INNER CIRCLE,2011-01-30,2011-03-13
1455520616,SEE ME,2015-11-01,2016-03-13
0345527682,SMOKIN&#39; SEVENTEEN,2011-07-10,2011-09-04
1455521205,THE TARGET,2014-05-11,2014-07-13
045146317X,CHANGES,2010-04-25,2010-05-16
0316018724,CROSS COUNTRY,2008-12-07,2009-03-01
0743296435,HOUSE RULES,2010-03-21,2010-06-13
0312383282,FINGER LICKIN&#39; FIFTEEN,2009-07-12,2009-08-30
0743270428,EXTREME MEASURES,2008-11-09,2009-01-11
0446573019,ZERO DAY,2011-11-20,2012-01-08
0399157212,PORT MORTUARY,2010-12-19,2011-01-30
0345531051,BLUE,2016-02-07,2016-03-13
0345546881,THE ONE AND ONLY,2014-06-08,2014-07-20
0553807056,ODD HOURS,2008-06-08,2008-07-20
0425247546,KISS THE DEAD,2012-06-24,2012-07-01
0399158618,THE THIEF,2012-03-25,2012-04-22
0316097497,11TH HOUR,2012-05-27,2012-07-29
0425222195,BLOOD NOIR,2008-06-15,2008-07-06
141659518X,AMERICAN ASSASSIN,2010-10-31,2011-01-09
147674906X,I&#39;VE GOT YOU UNDER MY SKIN,2014-04-20,2014-05-25
0316228532,THE CASUAL VACANCY,2012-10-14,2013-01-20
1401324436,HEAT RISES,2011-10-09,2011-12-04
0743296419,HANDLE WITH CARE,2009-03-22,2009-05-24
0312600844,FREEDOM,2010-11-21,2011-02-13
0441020313,DEAD RECKONING,2011-05-22,2011-07-31
0525952926,WINTER OF THE WORLD,2012-10-07,2013-02-10
1455559822,MEMORY MAN,2015-05-10,2015-07-19
0399170898,BROTHERHOOD IN DEATH,2016-02-21,2016-03-20
0399155848,KNOCKOUT,2009-07-05,2009-08-02
0525951652,FALL OF GIANTS,2010-10-17,2011-02-27
0553801473,A DANCE WITH DRAGONS,2011-07-31,2013-09-22
0385344341,NEVER GO BACK,2013-09-22,2013-11-10
0525953485,SIX YEARS,2013-04-07,2013-05-19
1594633665,THE GIRL ON THE TRAIN,2015-02-01,2016-04-10
0316407046,CROSS JUSTICE,2015-12-13,2016-02-07
1451658907,THE WIND THROUGH THE KEYHOLE,2012-05-13,2012-07-08
030758836X,GONE GIRL,2012-06-24,2014-05-04
0399162372,DEADLINE,2014-10-26,2014-11-30
0399155341,THE HELP,2009-03-29,2011-09-25
0399163840,X,2015-09-13,2015-10-25
031621129X,UNLUCKY 13,2014-05-25,2014-07-13
0670024783,THE INVENTION OF WINGS,2014-01-26,2015-03-15
1451668945,DADDY&#39;S GONE A HUNTING,2013-04-28,2013-06-02
141654383X,THE LAST PATRIOT,2008-07-20,2008-09-07
0316018783,CROSS FIRE,2009-12-06,2010-02-28
0399158820,CALCULATED IN DEATH,2013-03-17,2013-04-07
0307273571,A WEEK IN WINTER,2013-03-03,2013-05-05
140006712X,DREAMS OF JOY,2011-06-19,2011-07-17
0385340567,NOTHING TO LOSE,2008-06-22,2008-07-20
1416570861,JUST TAKE MY HEART,2009-04-26,2009-06-07
0425241130,HIT LIST,2011-06-26,2011-07-10
0399160450,THREAT VECTOR,2012-12-23,2013-02-10
0446195502,DIVINE JUSTICE,2008-11-23,2009-02-08
0399155678,WICKED PREY,2009-05-31,2009-06-28
044654759X,SAFE HAVEN,2010-10-03,2011-03-06
0316018708,SAIL,2008-06-29,2008-08-24
0451235843,LOVER REBORN,2012-04-15,2012-04-29
0385504225,THE LOST SYMBOL,2009-10-04,2010-04-18
1451668864,THE LOST YEARS,2012-04-22,2012-05-27
0446547654,THE BEST OF ME,2011-10-30,2012-03-04
0316211230,NYPD RED 2,2014-04-13,2014-05-18
0670023485,SHADOW OF NIGHT,2012-07-29,2012-09-16
0446564087,DELIVER US FROM EVIL,2010-05-09,2010-06-27
031621082X,12TH OF NEVER,2013-05-19,2013-06-30
0316097543,KILL ME IF YOU CAN,2011-09-18,2011-10-30
0385344317,WORTH DYING FOR,2010-11-07,2010-12-12
0399158278,TAKEN,2012-02-12,2012-03-11
0316198730,KILL ALEX CROSS,2011-12-04,2012-02-05
0399157697,SHOCK WAVE,2011-10-23,2011-11-20
0316405345,INVISIBLE,2014-07-13,2014-08-31
044101819X,SILVER BORNE,2010-04-18,2010-05-09
031603617X,CROSS FIRE,2010-12-05,2011-02-13
1476727651,DOCTOR SLEEP,2013-10-13,2014-03-16
0756404738,THE WISE MAN&#39;S FEAR,2011-03-20,2011-06-19
0399157689,STOLEN PREY,2012-06-03,2012-07-15
0743294297,BEST FRIENDS FOREVER,2009-08-02,2009-09-13
045146379X,GHOST STORY,2011-08-14,2011-09-18
0345530888,UNTIL THE END OF TIME,2013-02-17,2013-03-17
0312655479,HOW THE LIGHT GETS IN,2013-09-15,2013-10-06
0345542967,TRICKY TWENTY-TWO,2015-12-06,2016-01-17
0399155686,THE DEFECTOR,2009-08-09,2009-09-06
0399158308,CELEBRITY IN DEATH,2012-03-11,2012-04-08
0553807714,77 SHADOW STREET,2012-01-15,2012-02-05
0804178771,MAKE ME,2015-09-27,2015-11-08
1416595201,KILL SHOT,2012-02-26,2012-04-29
1476754454,MR. MERCEDES,2014-06-22,2014-09-07
006232005X,THE HEIST,2014-08-03,2014-09-14
0525955097,FOOL ME ONCE,2016-04-10,Not Found
0399156585,THE REMBRANDT AFFAIR,2010-08-08,2010-09-19
0399157239,DEAD OR ALIVE,2010-12-26,2011-03-20
0446580848,THE PANTHER,2012-11-04,2012-12-16
1439172269,THE SHADOW OF YOUR SMILE,2010-05-02,2010-06-13
0316069485,THE REVERSAL,2010-10-24,2010-11-28
0385535147,THE RACKETEER,2012-11-11,2013-03-17
0525953094,EDGE OF ETERNITY,2014-10-05,2015-01-18
0399155163,SCARPETTA,2008-12-21,2009-03-01
0399176608,OFF THE GRID,2016-03-27,2016-04-10
0399167064,BIG LITTLE LIES,2014-08-17,2015-03-15
0316036226,WORST CASE,2010-02-21,2010-04-18
0062073168,THE ENGLISH GIRL,2013-08-04,2013-09-15
0446573108,THE SIXTH MAN,2011-05-08,2011-07-03
0385537131,SYCAMORE ROW,2013-11-10,2014-05-18
0345542886,TAKEDOWN TWENTY,2013-12-08,2014-01-26
0385344430,WRITTEN IN MY OWN HEART&#39;S BLOOD,2014-06-29,2014-09-14
0316407062,NYPD RED 4,2016-02-14,2016-03-27
1455521213,THE HIT,2013-05-12,2013-07-14
0525952276,STAY CLOSE,2012-04-08,2012-05-06
0399157034,TREACHERY IN DEATH,2011-03-13,2011-04-03
0385517831,THE ASSOCIATE,2009-02-15,2009-06-14
0316211176,PRIVATE BERLIN,2013-02-10,2013-03-17
0062409859,GO SET A WATCHMAN,2015-08-02,2016-04-10
0316069353,THE FIFTH WITNESS,2011-04-24,2011-06-26
0374158460,FREEDOM,2010-09-19,2011-01-16
0312362153,ACHERON,2008-08-24,2008-09-21
0312349513,FEARLESS FOURTEEN,2008-07-06,2008-08-24
031640702X,14TH DEADLY SIN,2015-05-24,2015-07-12
0316089516,THE POSTCARD KILLERS,2010-09-05,2010-10-17
1101965495,THE FORCE AWAKENS,2016-01-24,2016-02-28
1250022061,THE LONG WAY HOME,2014-09-14,2014-10-05
0316036218,NOW YOU SEE HER,2011-07-17,2011-09-11
0345499026,THE FORCE UNLEASHED,2008-09-07,2008-10-05
1451627289,11/22/63,2011-11-27,2012-05-13
0451464400,COLD DAYS,2012-12-16,2013-01-20
030726999X,THE GIRL WHO KICKED THE HORNET&#39;S NEST,2010-06-13,2012-03-04
0062320130,THE ENGLISH SPY,2015-07-19,2015-09-13
0385344333,A WANTED MAN,2012-09-30,2012-11-25
0525953493,MISSING YOU,2014-04-06,2014-05-18
0385354282,THE GIRL IN THE SPIDER&#39;S WEB,2015-09-20,2016-01-24
1476770387,REVIVAL,2014-11-30,2015-02-08
0385532458,FORD COUNTY,2009-11-22,2010-01-24
0399157786,NEW YORK TO DALLAS,2011-10-02,2011-10-23
044654695X,FIRST FAMILY,2009-05-10,2009-07-12
0316407054,PRIVATE PARIS,2016-04-03,2016-04-10
1455520659,THE LONGEST RIDE,2013-10-06,2014-02-02
0312383304,SIZZLING SIXTEEN,2010-07-11,2010-09-05
1501100076,FINDERS KEEPERS,2015-06-21,2015-09-13
0399157042,THE JUNGLE,2011-03-27,2011-04-24
0765325950,A MEMORY OF LIGHT,2013-01-27,2013-05-05
1250061628,COMETH THE HOUR,2016-03-06,2016-03-27
0765325942,TOWERS OF MIDNIGHT,2010-11-21,2011-03-06
039915597X,U IS FOR UNDERTOW,2009-12-20,2010-01-31
0425229734,DARK SLAYER,2009-09-20,2009-10-04
052595158X,CAUGHT,2010-04-11,2010-05-16
0525952586,BELIEVING THE LIE,2012-01-29,2012-02-19
0525951059,LONG LOST,2009-04-19,2009-05-17
0425223434,DARK CURSE,2008-09-21,2008-10-05
038541305X,SOUTH OF BROAD,2009-08-30,2010-01-10
0451417054,THE KING,2014-04-20,2014-05-04
0062294377,THE FIRST PHONE CALL FROM HEAVEN,2013-12-01,2014-05-18
0345539842,MORNING STAR,2016-02-28,2016-03-20
0316097365,TOYS,2011-04-03,2011-05-15
1439102767,THE STORYTELLER,2013-03-17,2013-05-12
1416563067,SMOKE SCREEN,2008-08-31,2008-09-28
0399154914,TRIBUTE,2008-07-27,2008-09-07
0061957933,THE UNDEAD POOL,2014-03-16,2014-03-23
0446547565,THE LAST SONG,2009-09-27,2010-03-07
0441018645,DEAD IN THE FAMILY,2010-05-23,2010-09-19
0316018775,SWIMSUIT,2009-07-19,2009-09-13
0451462564,TURN COAT,2009-04-26,2009-05-24
0425227723,SKIN TRADE,2009-06-21,2009-07-12
1476783454,THE SURVIVOR,2015-10-25,2016-01-10
0316410985,THE MURDER HOUSE,2015-10-18,2015-11-22
0316206849,THE CUCKOO&#39;S CALLING,2013-08-04,2013-10-20
0316211044,BURN,2014-10-19,2014-11-23
0670025593,THE BOOK OF LIFE,2014-08-03,2014-09-14
0441020011,FROST BURNED,2013-03-24,2013-04-14
0399158987,W IS FOR WASTED,2013-09-29,2014-01-05
0743294386,DEVIL BONES,2008-09-14,2008-10-05
0399157441,CHASING FIRE,2011-05-01,2011-06-05
0670015679,THE MAGICIAN&#39;S LAND,2014-08-24,2014-08-31
0385352107,COLORLESS TSUKURU TAZAKI AND HIS YEARS OF PILGRIMAGE,2014-08-31,2014-10-19
0061474096,ANATHEM,2008-09-28,2008-10-19
0316069418,THE DROP,2011-12-18,2012-01-22
0316211125,PRIVATE L.A.,2014-03-02,2014-04-06
0345495144,TRUE DETECTIVES,2009-04-12,2009-05-03
0385528043,THE CONFESSION,2010-11-14,2011-04-03
141659521X,THE LAST MAN,2012-12-02,2013-01-20
1439184305,THE OVERTON WINDOW,2010-07-04,2010-09-12
0345528816,STARTING NOW,2013-04-21,2013-05-12
0399156577,THE SEARCH,2010-07-25,2010-08-29
0525952063,LIVE WIRE,2011-04-10,2011-05-15
0446580856,RADIANT ANGEL,2015-06-14,2015-07-26
0399155481,PROMISES IN DEATH,2009-03-15,2009-04-19
1439148503,"UNDER THE DOME, PART 1",2009-11-29,2010-02-28
1501111671,THE BAZAAR OF BAD DREAMS,2015-11-22,2016-03-06
0399175954,THE GANGSTER,2016-03-20,2016-04-10
1455521191,THE ESCAPE,2014-12-07,2015-03-08
0399155171,BLACK OPS,2009-01-18,2009-03-01
0399159304,STORM FRONT,2013-10-27,2013-11-24
0765326361,WORDS OF RADIANCE,2014-03-23,2014-05-11
0316036277,THE 9TH JUDGMENT,2010-05-16,2010-06-27
0399157301,AGAINST ALL ENEMIES,2011-07-03,2011-08-28
1401322786,THE TIME KEEPER,2012-09-23,2013-01-20
0345527712,EXPLOSIVE EIGHTEEN,2011-12-11,2012-02-26
039916443X,CONCEALED IN DEATH,2014-03-09,2014-03-30
0385535139,THE LITIGATORS,2011-11-13,2012-02-26
0553807145,RELENTLESS,2009-06-28,2009-07-19
0553807722,WHAT THE NIGHT KNOWS,2011-01-16,2011-03-13
0316166308,THE SCARECROW,2009-06-14,2009-07-19
0765327724,THE OMEN MACHINE,2011-09-04,2011-09-25
0517580519,THE LAND OF PAINTED CAVES,2011-04-17,2011-06-26
0399156240,FANTASY IN DEATH,2010-03-14,2010-04-04
0345542924,TOP SECRET TWENTY-ONE,2014-07-06,2014-08-17
0441017150,DEAD AND GONE,2009-05-24,2010-03-07
0399168796,GATHERING PREY,2015-05-17,2015-06-21
0399159894,WHISKEY BEACH,2013-05-05,2013-06-09
0312577206,HOME FRONT,2012-02-19,2012-03-18
0316210919,CROSS MY HEART,2013-12-15,2014-02-16
193700788X,DEAD EVER AFTER,2013-05-26,2013-06-30
0446533424,THE GATE HOUSE,2008-11-16,2009-01-25
1439102740,LONE WOLF,2012-03-18,2012-05-06
0385537859,INFERNO,2013-06-02,2014-01-19
0062073125,THE FALLEN ANGEL,2012-08-05,2012-09-16
0307269981,THE GIRL WHO PLAYED WITH FIRE,2009-08-16,2010-04-04
1476717125,ACT OF WAR,2014-07-27,2014-08-24
0345527747,NOTORIOUS NINETEEN,2012-12-09,2013-01-27
0399160132,THE STORM,2012-06-17,2012-07-15
0385344325,THE AFFAIR,2011-10-16,2011-12-11
0804178747,PERSONAL,2014-09-21,2014-11-23
0316206822,PRIVATE GAMES,2012-03-04,2012-04-15
0446195529,HELL&#39;S CORNER,2010-11-28,2011-02-06
0316097519,"ALEX CROSS, RUN",2013-03-10,2013-05-05
0316055433,THE GOLDFINCH,2013-11-10,2015-02-22
1400067693,MY NAME IS LUCY BARTON,2016-01-31,2016-04-10
1439102414,FLASH AND BONES,2011-09-11,2011-10-02
0451239350,LOVER AT LAST,2013-04-14,2013-05-05
0345544927,LEAVING TIME,2014-11-02,2015-02-22
1937007448,DEADLOCKED,2012-05-20,2012-07-22
0316166294,THE BRASS VERDICT,2008-11-02,2008-12-21
0451464397,SKIN GAME,2014-06-15,2014-07-13
0446554987,COLD VENGEANCE,2011-08-21,2011-09-25
0765302306,THE GATHERING STORM,2009-11-15,2010-01-17
0399160477,COMMAND AUTHORITY,2013-12-22,2014-03-02
0385536070,CALICO JOE,2012-04-29,2012-08-12
0385340583,61 HOURS,2010-06-06,2010-07-25
0446579939,THE LUCKY ONE,2008-10-19,2009-02-08
0399167455,COME RAIN OR COME SHINE,2015-10-11,2015-11-08
0345530918,POWER PLAY,2014-03-30,2014-04-20
1476746583,ALL THE LIGHT WE CANNOT SEE,2014-05-25,2016-04-10
1455576425,THE QUEST,2013-10-06,2013-11-10
044658083X,THE LION,2010-06-27,2010-08-29
0399157700,MAD RIVER,2012-10-21,2012-11-18
0553807749,ODD APOCALYPSE,2012-08-19,2012-09-23
0316206873,THE SILKWORM,2014-07-06,2014-09-14
0316211079,MISTRESS,2013-08-25,2013-09-29
0399157816,THE RACE,2011-09-25,2011-10-16
0399156496,STORM PREY,2010-06-06,2010-07-04
0670022128,IN THE COMPANY OF OTHERS,2010-11-07,2011-01-09
0525953507,THE STRANGER,2015-04-12,2015-05-31
0399167315,GHOST SHIP,2014-06-15,2014-07-06
1439102724,SING YOU HOME,2011-03-20,2011-05-29
0399155392,CORSAIR,2009-03-29,2009-05-03
0399167293,THE BOOTLEGGER,2014-03-23,2014-04-13
0399162380,FIELD OF PREY,2014-05-25,2014-06-29
1439192561,"FULL DARK, NO STARS",2010-11-28,2011-01-23
039915731X,LOCKED ON,2012-01-01,2012-02-26
0451233166,LOVER UNLEASHED,2011-04-17,2011-05-08
0375414967,THAT OLD CAPE MAGIC,2009-08-23,2009-10-04
0399158081,MIRAGE,2013-11-24,2013-12-15
1101874082,ADULTERY,2014-09-07,2014-10-19
044657788X,THE BOOK OF LIES,2008-09-21,2008-10-26
0399156119,KISSER,2010-02-07,2010-03-14
0312380720,LOOK AGAIN,2009-05-03,2009-05-24
0399155228,SALVATION IN DEATH,2008-11-23,2008-12-07
0307272583,STAR ISLAND,2010-08-15,2010-09-26
0312554168,HEART OF THE MATTER,2010-05-30,2010-07-25
1416563083,SMASH CUT,2009-08-30,2009-09-20
0441019714,THE SOOKIE STACKHOUSE COMPANION,2011-09-18,2011-10-09
0316036234,DON&#39;T BLINK,2010-10-17,2010-11-21
0374203059,THE MARRIAGE PLOT,2011-10-30,2012-01-22
1250010071,DON&#39;T GO,2013-04-28,2013-05-19
0399170863,THE LIAR,2015-05-03,2015-06-07
0425234339,BULLET,2010-06-20,2010-07-04
1455501476,LETHAL,2011-10-09,2011-11-06
0446539864,THE BOURNE SANCTION,2008-08-17,2008-09-28
0812993802,TENTH OF DECEMBER,2013-01-27,2013-04-07
0312554192,WHERE WE BELONG,2012-08-12,2012-09-23
0061969656,DEATH OF KINGS,2012-02-05,2012-02-19
0441017835,A TOUCH OF DEAD,2009-10-25,2009-11-22
052595225X,THE IDEAL MAN,2011-08-28,2011-09-11
0451417070,THE SHADOWS,2015-04-19,2015-05-03
0307593312,1Q84,2011-11-13,2012-01-15
1416595163,PURSUIT OF HONOR,2009-11-01,2010-01-10
1400069483,MISSION TO PARIS,2012-07-01,2012-08-05
0399155279,HEAT LIGHTNING,2008-10-12,2008-11-16
0399159126,THE WITNESS,2012-05-06,2012-06-10
038553826X,RAISING STEAM,2014-04-06,2014-04-13
0670022411,A DISCOVERY OF WITCHES,2011-02-27,2011-04-17
0399158022,RED MIST,2011-12-25,2012-01-29
0316097446,ZOO,2012-09-23,2012-10-28
0451229851,LOVER MINE,2010-05-16,2010-06-13
0061231401,THE DOOMSDAY KEY,2009-07-12,2009-08-16
1455521310,KING AND MAXWELL,2013-12-08,2014-01-26
0316036269,10TH ANNIVERSARY,2011-05-22,2011-07-24
0399162496,THE MAYAN SECRETS,2013-09-22,2013-10-13
0345504984,THE TWELVE,2012-11-04,2012-11-25
0345505719,VICTIMS,2012-03-18,2012-04-08
1439115303,JUST AFTER SUNSET,2008-11-30,2009-01-25
0399156135,THE FIRST RULE,2010-01-31,2010-02-28
1455586420,THE GUILTY,2015-12-06,2016-02-21
0316225932,THE BURNING ROOM,2014-11-23,2015-01-18
1451617755,THE NEXT BEST THING,2012-07-22,2012-08-19
0345484142,THE GYPSY MORPH,2008-09-14,2008-10-05
034553106X,PROPERTY OF A NOBLEWOMAN,2016-04-03,2016-04-10
1416549129,THE OTHER QUEEN,2008-10-05,2008-11-09
0553391135,LOVE LETTERS,2014-08-31,2014-09-07
0062311077,NATCHEZ BURNING,2014-05-18,2014-06-29
0399155651,MEDUSA,2009-06-21,2009-07-19
1416563105,TOUGH CUSTOMER,2010-08-29,2010-10-03
1476717095,HIDDEN ORDER,2013-07-28,2013-09-01
1250010098,KEEP QUIET,2014-04-27,2014-05-18
031609756X,GUILTY WIVES,2012-04-15,2012-06-03
1401340903,THE PHYSICK BOOK OF DELIVERANCE DANE,2009-06-28,2009-08-09
0446580295,CEMETERY DANCE,2009-05-31,2009-06-28
0446573051,THE FORGOTTEN,2012-12-09,2013-02-17
0316068047,THE HOST,2008-06-08,2009-10-04
0061929379,PIRATE LATITUDES,2009-12-13,2010-02-07
0425256766,FIRE TOUCHED,2016-03-27,2016-04-10
0399167447,SOMEWHERE SAFE WITH SOMEBODY GOOD,2014-09-21,2015-01-11
0525952969,JUST ONE EVIL ACT,2013-11-03,2013-11-17
0399159312,SILKEN PREY,2013-05-26,2013-06-30
0756410436,THE SLOW REGARD OF SILENT THINGS,2014-11-16,2014-12-21
0743294270,FLY AWAY HOME,2010-08-01,2010-09-05
0316097462,"I, MICHAEL BENNETT",2012-07-29,2012-09-09
0553391925,A GIRL&#39;S GUIDE TO MOVING ON,2016-03-13,2016-04-03
0375424490,TEA TIME FOR THE TRADITIONALLY BUILT,2009-05-10,2009-06-14
0399156399,THE SCARPETTA FACTOR,2009-11-08,2010-01-17
0312655460,THE BEAUTIFUL MYSTERY,2012-09-16,2012-09-30
031609739X,THE CHRISTMAS WEDDING,2011-11-06,2012-01-08
0345533488,A KNIGHT OF THE SEVEN KINGDOMS,2015-10-25,2016-01-24
1416563687,THE WHITE QUEEN,2009-09-06,2009-10-18
0425269515,AFTER DEAD,2013-11-17,2013-11-24
0316018740,RUN FOR YOUR LIFE,2009-02-22,2009-04-26
0385349831,MANUSCRIPT FOUND IN ACCRA,2013-04-21,2013-05-05
0374239215,PURITY,2015-09-20,2015-10-25
0062072188,PORTRAIT OF A SPY,2011-08-07,2011-09-18
0399157115,STRATEGIC MOVES,2011-02-06,2011-03-06
0446539821,THE BOURNE DECEPTION,2009-06-28,2009-08-02
0525952764,CATCH ME,2012-02-26,2012-03-11
0345509226,FATE OF THE JEDI: APOCALYPSE,2012-04-01,2012-04-15
0316211222,SECOND HONEYMOON,2013-07-14,2013-08-25
0446583146,ONE SUMMER,2011-07-03,2011-09-18
0399160663,EMPIRE AND HONOR,2013-01-20,2013-02-03
0061138061,PALE DEMON,2011-03-13,2011-04-03
0399157387,BURIED PREY,2011-05-29,2011-07-10
0345528921,THE INN AT ROSE HARBOR,2012-09-02,2012-09-30
0316225886,THE CROSSING,2015-11-22,2016-01-24
0525952861,SWEET TALK,2012-08-26,2012-09-09
0385343205,THE SINS OF THE MOTHER,2012-11-18,2012-12-09
042525674X,NIGHT BROKEN,2014-03-30,2014-04-13
1416563725,THE RED QUEEN,2010-08-22,2010-09-26
0778312690,1225 CHRISTMAS TREE LANE,2011-10-16,2011-11-27
0399157344,POWER PLAY,2014-07-27,2014-08-10
0312651317,LOVE IN A NUTSHELL,2012-01-22,2012-02-12
0385342454,AN ECHO IN THE BONE,2009-10-11,2009-11-15
0399161775,THE STRIKER,2013-03-24,2013-04-14
0399157425,THE KINGDOM,2011-06-26,2011-07-17
0385534639,THE NIGHT CIRCUS,2011-10-02,2012-01-08
0399157077,THE SENTRY,2011-01-30,2011-03-06
0316199869,NYPD RED,2012-10-28,2012-12-02
0316210684,"MERRY CHRISTMAS, ALEX CROSS",2012-12-02,2013-01-20
0399162925,POSEIDON&#39;S ARROW,2012-11-25,2012-12-23
0061957895,A PERFECT BLOOD,2012-03-11,2012-03-25
159463176X,AND THE MOUNTAINS ECHOED,2013-06-09,2014-01-19
0316069434,THE BLACK BOX,2012-12-16,2013-01-20
006232540X,DEPRAVED HEART,2015-11-15,2015-11-29
0345495934,SWALLOWING DARKNESS,2008-11-23,2008-12-07
1401301614,ONE FIFTH AVENUE,2008-10-12,2008-11-23
0316407011,TRUTH OR DIE,2015-07-12,2015-08-16
0399155988,ROUGH COUNTRY,2009-10-18,2009-11-08
0399157360,BEL-AIR DEAD,2011-05-15,2011-06-05
0307270777,THE PRIVATE PATIENT,2008-12-07,2009-01-11
0446553972,THE FIFTH ASSASSIN,2013-02-03,2013-03-10
0399155295,ARCTIC DRIFT,2008-12-14,2009-02-01
0786949643,THE PIRATE KING,2008-10-26,2008-11-09
0385526342,PYGMY,2009-05-24,2009-06-28
0399160671,HAZARDOUS DUTY,2014-01-19,2014-02-09
0385344228,DEFENDING JACOB,2012-02-19,2012-05-13
0385524064,RULES OF DECEPTION,2008-08-03,2008-08-24
0062049801,STATE OF WONDER,2011-06-26,2012-03-18
0061784796,BLOODLINE,2012-07-15,2012-08-05
039917334X,TOM CLANCY: SUPPORT AND DEFEND,2014-08-10,2014-09-07
0446554960,FEVER DREAM,2010-05-30,2010-06-27
0399155953,KINDRED IN DEATH,2009-11-22,2009-12-06
0399164421,THANKLESS IN DEATH,2013-10-06,2013-10-20
0345504968,THE PASSAGE,2010-06-27,2010-09-12
0553807730,DEEPLY ODD,2013-06-16,2013-06-30
0316207047,FIRST LOVE,2014-02-02,2014-03-09
0307272591,BAD MONKEY,2013-06-30,2013-09-01
0399156259,THE SILENT SEA,2010-03-28,2010-05-02
0316210986,GONE,2013-10-20,2013-11-17
0385351852,CHESTNUT STREET,2014-05-11,2014-06-15
0312577214,FLY AWAY,2013-05-12,2013-06-02
1250022088,THE NATURE OF THE BEAST,2015-09-13,2015-10-11
0805090037,BRING UP THE BODIES,2012-05-27,2013-01-13
0316407038,ALERT,2015-08-23,2015-09-27
0385340303,HAPPY BIRTHDAY,2011-08-07,2011-09-11
1400067685,THE BURGESS BOYS,2013-04-14,2013-06-09
031621115X,PRIVATE VEGAS,2015-02-15,2015-03-29
0399161481,SUSPECT,2013-02-10,2013-03-17
0062414216,THE NEST,2016-04-10,Not Found
0345509102,CONVICTION,2011-06-12,2011-06-19
1451628315,WALKING ON WATER,2014-05-25,2014-06-15
0525426590,AFTER YOU,2015-10-18,2016-04-10
0316349933,CAREER OF EVIL,2015-11-08,2015-11-29
1439180962,I&#39;LL WALK ALONE,2011-04-24,2011-06-12
1455525774,THE LOST ISLAND,2014-08-24,2014-09-14
0441016766,BONE CROSSED,2009-02-22,2009-03-22
0061138010,"WHITE WITCH, BLACK CURSE",2009-03-15,2009-04-12
0399164448,FESTIVE IN DEATH,2014-09-28,2014-10-19
034552893X,ROSE HARBOR IN BLOOM,2013-09-01,2013-09-08
0312348673,LOVE THE ONE YOU&#39;RE WITH,2008-06-08,2008-09-07
0425241971,DARK PREDATOR,2011-09-25,2011-10-02
0385340990,THE GUERNSEY LITERARY AND POTATO PEEL PIE SOCIETY,2008-08-17,2009-05-17
0316166316,NINE DRAGONS,2009-11-01,2009-12-06
0385528701,THE ANGEL&#39;S GAME,2009-07-05,2009-08-16
0425270793,DARK WOLF,2014-01-26,2014-02-02
0312651228,BONNIE,2011-11-06,2011-11-13
145164311X,FEAST DAY OF FOOLS,2011-10-16,2011-10-30
0385343213,FRIENDS FOREVER,2012-08-12,2012-09-23
0062325345,FLESH AND BLOOD,2014-11-30,2015-01-11
0307272400,NOAH&#39;S COMPASS,2010-01-24,2010-02-14
1400065755,STILL LIFE WITH BREAD CRUMBS,2014-02-16,2014-05-11
1451617720,THEN CAME YOU,2011-07-31,2011-09-04
0385341636,FAEFEVER,2008-10-05,2008-10-19
0345515633,LAST TO DIE,2012-09-16,2012-09-30
039915826X,FORCE OF NATURE,2012-04-08,2012-04-15
1250034485,BE CAREFUL WHAT YOU WISH FOR,2014-03-30,2014-05-04
0375424504,THE DOUBLE COMFORT SAFARI CLUB,2010-05-09,2010-06-13
0312577222,THE NIGHTINGALE,2015-02-22,2016-04-10
0399155783,LOITERING WITH INTENT,2009-05-10,2009-06-07
0399157573,DUST,2013-12-01,2014-01-12
0345484207,THE MEASURE OF THE MAGIC,2011-09-11,2011-09-25
0061784818,THE 6TH EXTINCTION,2014-08-31,2014-09-21
0399160779,ENDANGERED,2015-03-29,2015-04-19
1400064759,AMERICAN WIFE,2008-09-21,2008-10-26
0345523474,WARDS OF FAERIE,2012-09-09,2012-09-16
1416586571,THE APOSTLE,2009-07-19,2009-08-16
0399157867,V IS FOR VENGEANCE,2011-12-04,2012-01-15
0399156879,INDULGENCE IN DEATH,2010-11-21,2010-12-12
0399170871,OBSESSION IN DEATH,2015-03-01,2015-03-15
044656432X,GIDEON&#39;S SWORD,2011-03-13,2011-04-03
0316069515,THE GODS OF GUILT,2013-12-22,2014-02-16
0399164162,CARNAL CURIOSITY,2014-04-27,2014-05-18
0061138037,BLACK MAGIC SANCTION,2010-03-14,2010-03-28
0307962520,PRINCE LESTAT,2014-11-16,2015-01-18
0316176486,LIFE AFTER LIFE,2013-04-21,2013-07-21
1101874279,A SPOOL OF BLUE THREAD,2015-03-01,2015-06-07
0345539931,AS CHIMNEY SWEEPERS COME TO DUST,2015-01-25,Not Found
1250034515,MIGHTIER THAN THE SWORD,2015-03-15,2015-04-12
1439136637,REVENGE WEARS PRADA,2013-06-23,2013-07-21
0062132520,THE HURRICANE SISTERS,2014-06-22,2014-07-20
0385343191,BETRAYAL,2012-04-15,2012-05-27
030727103X,THE BURIED GIANT,2015-03-22,2015-05-03
030737839X,THE SATURDAY BIG TENT WEDDING PARTY,2011-04-10,2011-05-15
0446562424,INNOCENT,2010-05-23,2010-07-18
042523567X,FLIRT,2010-02-21,2010-03-21
0061784788,THE DEVIL COLONY,2011-07-10,2011-07-31
0345545877,SAINT ODD,2015-02-01,2015-03-08
0399156437,THE SPY,2010-06-20,2010-07-18
0399155031,TAILSPIN,2008-07-13,2008-08-10
0307265749,THE LOWLAND,2013-10-13,2014-01-19
0446564370,GIDEON&#39;S CORPSE,2012-01-29,2012-02-12
0312652917,WICKED APPETITE,2010-10-03,2010-10-31
0062190377,SEVENEVES,2015-06-07,2015-07-05
1476716692,AGENDA 21,2012-12-09,2013-01-13
145163806X,A RISING THUNDER,2012-03-25,2012-04-01
0345515501,THE SILENT GIRL,2011-07-24,2011-08-07
147671715X,CODE OF CONDUCT,2015-07-26,2015-08-30
0441019730,RIVER MARKED,2011-03-20,2011-04-03
0312546564,NO MERCY,2010-09-26,2010-10-10
0316250813,CALIFORNIA,2014-07-27,2014-08-10
0345509064,OUTCAST,2009-04-12,2009-04-26
0062124269,FLIGHT BEHAVIOR,2012-11-25,2013-01-20
141658661X,FULL BLACK,2011-08-14,2011-09-18
0062011847,SNUFF,2011-10-30,2011-11-06
0316406996,NYPD RED 3,2015-04-05,2015-05-10
0307595110,THE WOLF GIFT,2012-03-04,2012-04-15
0399176764,TOM CLANCY: COMMANDER IN CHIEF,2015-12-20,2016-01-24
0345505697,MYSTERY,2011-04-17,2011-05-08
0399154973,PLAGUE SHIP,2008-06-22,2008-07-20
0425236595,DARK PERIL,2010-09-19,2010-10-03
1439172803,SURVIVORS,2011-10-23,2011-10-30
0061779741,SACRÊ BLEU,2012-04-22,2012-05-20
0345505751,KILLER,2014-03-02,2014-03-23
0688163181,THE GIVEN DAY,2008-10-12,2008-11-09
1400065674,THE BONE CLOCKS,2014-09-21,2015-01-11
0446195510,TRUE BLUE,2009-11-15,2010-01-10
1439102392,SPIDER BONES,2010-09-12,2010-10-03
030726579X,HEART AND SOUL,2009-03-08,2009-04-19
0307959856,DEATH COMES TO PEMBERLEY,2011-12-25,2012-04-01
0345543084,THE CHASE,2014-03-16,2014-04-06
039917088X,DEVOTED IN DEATH,2015-10-04,2015-10-18
0061961272,FOLLY BEACH,2011-07-03,2011-07-31
145162607X,THE KINGMAKER&#39;S DAUGHTER,2012-09-02,2012-09-16
0399155155,HOT MAHOGANY,2008-10-12,2008-11-02
0385338309,FIRST SIGHT,2013-08-04,2013-09-01
0399156801,THE COBRA,2010-09-05,2010-09-26
0345505514,THE JEFFERSON KEY,2011-06-05,2011-07-03
1439102430,BONES ARE FOREVER,2012-09-16,2012-09-30
1250019834,FIRST FROST,2015-02-08,2015-03-01
0312651619,ABUSE OF POWER,2011-10-02,2011-10-16
0553804863,BLOOD TIES,2010-02-14,2010-02-21
031609983X,SUMMERLAND,2012-07-15,2012-07-29
0385539703,THE CHILDREN ACT,2014-09-28,2014-11-09
0385536828,SWEET TOOTH,2012-12-02,2013-01-06
0312380755,THINK TWICE,2010-04-04,2010-04-18
0385343221,WINNERS,2013-11-17,2013-12-15
145558116X,FRICTION,2015-09-06,2015-09-27
0345530942,A PERFECT LIFE,2014-08-10,2014-09-07
0345505670,DECEPTION,2010-04-18,2010-05-09
1451628188,THE ROAD TO GRACE,2012-05-27,2012-06-17
0345509129,OMEN,2009-07-12,2009-07-19
0312546599,RETRIBUTION,2011-08-21,2011-08-28
0399156836,THE OUTLAWS,2011-01-16,2011-02-06
1451681739,THE LIGHT BETWEEN OCEANS,2012-08-19,2012-10-28
0446563080,ABRAHAM LINCOLN: VAMPIRE HUNTER,2010-03-21,2010-05-09
0399156763,LOST EMPIRE,2010-09-19,2010-10-10
0345505735,GUILT,2013-03-03,2013-03-24
0399155473,MOUNTING FEARS,2009-02-01,2009-02-22
0778329836,A TURN IN THE ROAD,2011-05-15,2011-06-12
0385343159,PRODIGAL SON,2015-03-15,2015-04-12
0399169113,CUT AND THRUST,2014-08-03,2014-08-17
0385340257,ROGUE,2008-07-13,2008-07-27
0307378403,THE LIMPOPO ACADEMY OF PRIVATE DETECTION,2012-04-22,2012-05-20
0062330268,TRIGGER WARNING,2015-02-22,2015-03-29
0062107313,THE VALLEY OF AMAZEMENT,2013-11-24,2014-01-19
0062351427,WELCOME TO NIGHT VALE,2015-11-08,2015-11-22
0399167323,PIRANHA,2015-06-14,2015-07-05
0399156909,BAD BLOOD,2010-10-10,2010-10-31
0385531389,THE THIRD GATE,2012-07-01,2012-07-22
0399157565,THE BONE BED,2012-11-04,2012-12-09
1455517062,THE KILL ROOM,2013-06-23,2013-07-07
0399157263,SIXKILL,2011-05-22,2011-06-26
0345534182,CIRCLING THE SUN,2015-08-16,2015-10-11
1451661509,THE SILVER STAR,2013-06-30,2013-08-11
125000098X,BEST KEPT SECRET,2013-05-19,2013-06-16
0385343140,44 CHARLES STREET,2011-04-24,2011-05-22
0399164154,STANDUP GUY,2014-01-26,2014-02-16
0399154183,THE FRONT,2008-06-08,2008-06-22
0061578916,AGINCOURT,2009-02-08,2009-03-08
0061160881,THIS BODY OF DEATH,2010-05-09,2010-06-06
0061977969,REAMDE,2011-10-09,2011-10-16
0345495136,BONES,2008-11-09,2008-11-30
0670026328,THE SECRET PLACE,2014-09-21,2014-10-26
0399158812,DELUSION IN DEATH,2012-09-30,2012-10-21
0399159266,THE TOMBS,2012-09-23,2012-10-14
0399157557,VICTORY AND HONOR,2011-08-28,2011-09-11
0345526511,THE COLUMBUS AFFAIR,2012-06-03,2012-06-24
0399156429,SPARTAN GOLD,2009-09-20,2009-10-18
0385535309,PARIS,2013-05-12,2013-06-16
0312567456,POOR LITTLE BITCH GIRL,2010-02-28,2010-03-21
0786962232,CHARON&#39;S CLAW,2012-08-26,2012-09-09
0345500776,SIZZLE,2010-01-17,2010-02-07
0399155333,SILKS,2008-09-14,2008-10-05
0399169156,INSATIABLE APPETITES,2015-01-25,2015-02-22
0385351836,ONE MORE THING,2014-02-23,2014-03-30
0316065781,THE SWAN THIEVES,2010-01-31,2010-03-07
0345528506,CRIMINAL,2012-07-22,2012-08-05
0525954570,FIND HER,2016-02-28,2016-03-27
0670024856,THE SIGNATURE OF ALL THINGS,2013-10-20,2014-01-05
0385342063,I&#39;VE GOT YOUR NUMBER,2012-03-04,2012-04-08
0316036315,BACK TO BLOOD,2012-11-11,2012-12-02
0525954333,A BANQUET OF CONSEQUENCES,2015-11-15,2015-11-29
0399155945,THE PROFESSIONAL,2009-10-25,2009-11-15
0743290119,CHASING HARRY WINSTON,2008-06-15,2008-08-31
1400067111,SHANGHAI GIRLS,2009-06-14,2009-08-23
039917575X,TOM CLANCY UNDER FIRE,2015-07-05,2015-08-09
0345526570,THE LINCOLN MYTH,2014-06-08,2014-06-29
0399157328,BACKFIRE,2012-07-29,2012-08-19
0060888741,THE BURNING LAND,2010-02-07,2010-02-21
0399169164,HOT PURSUIT,2015-04-26,2015-05-10
039915714X,CRESCENT DAWN,2010-12-05,2011-01-16
0312380828,COME HOME,2012-04-29,2012-05-20
0385343167,FAMILY TIES,2010-07-11,2010-08-01
0399157433,SPLIT SECOND,2011-08-07,2011-08-21
1439187312,THE WALK,2010-04-25,2010-05-23
0374187614,LILA,2014-10-26,2015-01-11
0062294415,THE MAGIC STRINGS OF FRANKIE PRESTO,2015-11-29,2016-01-31
125001011X,EVERY FIFTEEN MINUTES,2015-05-03,2015-05-31
0060393491,THE HOUR I FIRST BELIEVED,2008-11-30,2009-02-15
0399159878,UNINTENDED CONSEQUENCES,2013-04-28,2013-05-12
0765327740,SEVERED SOULS,2014-08-24,2014-08-31
0312655452,A TRICK OF THE LIGHT,2011-09-18,2011-10-02
1439187207,THE SNOW ANGEL,2011-11-13,2012-01-08
0345509080,BACKLASH,2010-03-28,2010-04-18
0525953078,TOUCH AND GO,2013-02-24,2013-03-24
0307269752,THE GIRL WITH THE DRAGON TATTOO,2008-10-05,2009-02-01
1439192987,BLACK LIST,2012-08-12,2012-09-23
0786958421,NEVERWINTER,2011-10-23,2011-10-30
0060548924,A LION AMONG MEN,2008-11-02,2009-01-18
0312364121,WINTER GARDEN,2010-02-21,2010-03-28
0345544013,BONES NEVER LIE,2014-10-12,2014-10-26
1455525839,WHITE FIRE,2013-12-01,2013-12-15
0804137250,ARMADA,2015-08-02,2015-08-30
0399172920,HAVANA STORM,2014-11-16,2014-12-14
0062049607,LEAVING EVERYTHING MOST LOVED,2013-04-14,2013-04-21
1250029880,STYXX,2013-09-22,2013-09-29
0765317680,IMPACT,2010-01-24,2010-02-21
0399158863,UNNATURAL ACTS,2012-05-06,2012-05-27
0778326438,SUMMER ON BLOSSOM STREET,2009-05-17,2009-06-07
1455527203,IDENTICAL,2013-11-03,2013-12-08
0307273563,MINDING FRANKIE,2011-03-20,2011-04-10
0399163832,KINSEY AND ME,2013-01-27,2013-02-10
0743292510,THE DEVIL&#39;S PUNCHBOWL,2009-07-26,2009-08-16
0062311115,THE BONE TREE,2015-05-10,2015-06-14
0060590319,FOOL,2009-03-01,2009-04-05
1400063841,LAST NIGHT IN TWISTED RIVER,2009-11-15,2009-12-13
0062220551,A DANGEROUS PLACE,2015-04-05,2015-04-19
0345528840,BLOSSOM STREET BRIDES,2014-04-13,2014-05-04
034551162X,STAR WARS: AFTERMATH,2015-09-20,2016-01-10
1476728208,THE MISTLETOE PROMISE,2014-12-07,2015-01-04
0061941026,WE ARE WATER,2013-11-10,2013-12-15
0399160760,STONE COLD,2014-03-30,2014-04-27
0385343175,HOTEL VENDOME,2011-11-20,2011-12-11
1101875046,IN THE UNLIKELY EVENT,2015-06-21,2015-08-16
0441020038,FAIR GAME,2012-03-25,2012-04-01
0670022047,GETTING TO HAPPY,2010-09-26,2010-10-31
034551128X,DARTH PLAGUEIS,2012-01-29,2012-02-19
0399156232,SPLIT IMAGE,2010-03-14,2010-04-11
1416594884,A MOST WANTED MAN,2008-10-26,2008-11-23
039916250X,ZERO HOUR,2013-06-16,2013-07-07
0385342020,TWENTIES GIRL,2009-08-09,2009-08-30
0399156445,LUCID INTERVALS,2010-05-09,2010-05-23
0399171274,NEMESIS,2015-07-26,2015-08-16
0061493341,TELEGRAPH AVENUE,2012-09-30,2012-10-28
1416550402,TSAR,2008-10-12,2008-11-02
1451664125,IN ONE PERSON,2012-05-27,2012-06-24
0553807153,BREATHLESS,2009-12-13,2010-01-10
0061351504,WHAT I DID FOR LOVE,2009-02-15,2009-03-01
1400065747,EVERY LAST ONE,2010-05-02,2010-05-30
0060852577,THE LACUNA,2009-11-22,2010-01-10
0345484177,BEARERS OF THE BLACK STAFF (LEGENDS OF SHANNARA),2010-09-12,2010-09-26
0307264238,A MERCY,2008-11-30,2009-02-08
031265121X,QUINN,2011-07-31,2011-08-07
0399157824,DEVIL&#39;S GATE,2011-12-04,2011-12-25
0345506898,VEIL OF NIGHT,2010-08-29,2010-09-05
125001980X,LOST LAKE,2014-02-09,2014-02-23
1476710767,LIGHT OF THE WORLD,2013-08-11,2013-09-01
0312583214,BADLANDS,2015-08-16,2015-08-30
0399155961,FIRED UP,2010-01-17,Not Found
0399156534,WHIPLASH,2010-07-04,2010-07-25
0399160752,BREAKING POINT,2013-03-31,2013-04-21
0312364423,NIGHT ROAD,2011-04-10,2011-04-17
0399156011,HOTHOUSE ORCHID,2009-10-11,2009-10-25
0765335999,THE THIRD KINGDOM,2013-09-08,2013-09-15
1451647018,THE BRIDGE,2012-11-11,2012-11-25
0385344414,BURNED,2015-02-08,2015-02-15
0061257095,THE SHOEMAKER&#39;S WIFE,2012-04-22,2012-06-17
0778327809,HANNAH&#39;S LIST,2010-05-16,2010-06-06
0316099759,THE MATCHMAKER,2014-06-29,2014-07-20
0061961299,PORCH LIGHTS,2012-07-01,2012-07-29
0802123538,FALLING IN LOVE,2015-04-26,2015-05-03
0525954546,COLD COLD HEART,2015-02-01,2015-02-22
0765321564,LIKE A MIGHTY ARMY,2014-03-09,Not Found
0061779768,THE SERPENT OF VENICE,2014-05-11,2014-05-18
1451628293,A STEP OF FAITH,2013-05-26,2013-06-16
0425255662,A SHIVER OF LIGHT,2014-06-22,Not Found
0061779725,BITE ME,2010-04-11,2010-04-25
1416548521,SWAN PEAK,2008-07-27,2008-08-17
1451628005,LOST DECEMBER,2011-11-20,2011-12-18
0312364105,TRUE COLORS,2009-02-22,2009-03-29
006225071X,THE EMPTY THRONE,2015-01-25,2015-02-08
0345543041,THE HEIST,2013-07-07,2013-07-28
0307594173,GOD HELP THE CHILD,2015-05-10,2015-06-21
1250019982,TAKING EVE,2013-05-05,2013-05-12
1250019672,LADIES&#39; NIGHT,2013-06-23,2013-07-07
1455525898,BLUE LABYRINTH,2014-11-30,2014-12-21
0399159088,CRYSTAL GARDENS,2012-05-13,2012-05-20
0399167307,THE EYE OF HEAVEN,2014-09-21,2014-10-12
1451664168,AVENUE OF MYSTERIES,2015-11-22,2016-01-03
0399173358,TOM CLANCY FULL FORCE AND EFFECT,2014-12-21,2015-02-01
0525426930,DRY BONES,2015-05-31,2015-06-14
045146365X,SIDE JOBS,2010-11-14,2010-11-28
044655393X,THE PRESIDENT&#39;S SHADOW,2015-07-05,2015-08-02
0805093990,THE WHITES,2015-03-08,2015-04-12
1594204780,DOG SONGS,2013-10-27,2013-12-29
006195795X,THE WITCH WITH NO NAME,2014-09-28,Not Found
0385340265,A GOOD WOMAN,2008-11-16,2009-01-11
145164020X,THE THIRD BULLET,2013-02-03,2013-02-24
1455581127,MEAN STREAK,2014-09-07,2014-09-28
0385538030,BEAUTIFUL YOU,2014-11-09,2014-11-16
0553391798,SILVER LININGS,2015-08-30,2015-09-13
0399174680,SCANDALOUS BEHAVIOR,2016-01-31,2016-02-21
1250056233,THE PATRIOT THREAT,2015-04-19,2015-05-17
0399155805,THE PERFECT POISON,2009-05-10,2009-05-24
0553807250,LOVE YOU MORE,2011-03-27,2011-04-10
0061246263,A RIVER IN THE SKY,2010-04-25,2010-05-09
0312642695,SUMMER RENTAL,2011-06-26,2011-07-24
0385517882,SNUFF,2008-06-08,2008-07-06
0385342047,MINI SHOPAHOLIC,2010-10-10,2010-10-24
1439191379,MILES TO GO,2011-04-24,2011-05-01
0399171754,THE ASSASSIN,2015-03-22,2015-04-19
1455501557,LOW PRESSURE,2012-10-07,2012-10-28
0345545931,THE CITY,2014-07-20,2014-08-03
0312642717,SPRING FEVER,2012-06-24,2012-07-01
0425255700,AFFLICTION,2013-07-21,2013-07-28
0062200577,NOS4A2,2013-05-19,2013-06-23
0316038393,SQUIRREL SEEKS CHIPMUNK,2010-10-17,2011-01-30
0451466802,THE AERONAUT&#39;S WINDLASS,2015-10-18,2015-10-25
0399155007,SUNDAYS AT TIFFANY&#39;S,2008-06-08,2008-07-13
0345543858,DIE AGAIN,2015-01-18,Not Found
0385343183,BIG GIRL,2010-03-14,2010-04-11
0062049577,ELEGY FOR EDDIE,2012-04-15,2012-04-22
0061692042,CANADA,2012-06-10,2012-07-22
1451648138,CREOLE BELLE,2012-08-05,2012-09-02
0399157840,ROBERT B. PARKER&#39;S KILLING THE BLUES,2011-10-02,2011-10-16
0399157336,BOMBSHELL,2013-07-28,2013-08-18
0061957917,EVER AFTER,2013-02-10,2013-02-24
1451635834,THE EYE OF MOLOCH,2013-06-30,2013-07-07
0385353774,CITY ON FIRE,2015-11-01,2015-11-15
034550075X,FIRE AND ICE,2009-01-18,2009-02-08
0061348139,FATALLY FLAKY,2009-04-26,2009-05-10
0385340273,MATTERS OF THE HEART,2009-06-21,2009-07-12
0316079928,THE BROKEN EYE,2014-09-14,Not Found
1594202249,INHERENT VICE,2009-08-23,2009-09-13
039915986X,COLLATERAL DAMAGE,2013-01-27,2013-02-10
1451620691,CARTE BLANCHE,2011-07-03,2011-07-24
034550691X,PREY,2011-09-25,2011-10-02
145161778X,ALL FALL DOWN,2014-07-06,2014-08-03
0399157654,SON OF STONE,2011-10-09,2011-10-30
0307378411,THE MINOR ADJUSTMENT BEAUTY SALON,2013-11-24,2013-12-08
006178480X,THE EYE OF GOD,2013-07-14,2013-08-04
0385533411,SOLAR,2010-04-18,2010-05-02
0307394972,SECRETS OF EDEN,2010-02-21,2010-03-07
0670023655,BROKEN HARBOR,2012-08-12,2012-09-09
0385523238,AT THE WATER&#39;S EDGE,2015-04-19,2015-06-21
0307960498,POLICE,2013-11-03,2013-11-10
1439128243,RAIN GODS,2009-08-02,2009-08-16
0758280343,RED VELVET CUPCAKE MURDER,2013-03-17,Not Found
031609966X,SILVER GIRL,2011-07-10,2011-07-31
0399156267,DEEP SHADOW,2010-03-28,2010-04-11
1451649320,THE LAKE HOUSE,2015-11-08,2015-11-15
1476763127,THE CINDERELLA MURDER,2014-12-07,2015-01-11
0446573256,BORN OF SHADOWS,2011-05-15,Not Found
0061836923,MOONLIGHT MILE,2010-11-21,2010-12-05
0316176532,A GOD IN RUINS,2015-05-24,2015-06-07
0812992970,THE AGE OF MIRACLES,2012-07-15,2012-08-12
1439128294,THE GLASS RAINBOW,2010-08-01,2010-08-29
0345495969,DIVINE MISDEMEANORS,2009-12-27,2010-01-17
0345486560,BURN,2009-07-26,2009-08-02
0553391887,LAST ONE HOME,2015-03-29,2015-04-19
1401310400,HEAT WAVE,2009-11-01,2010-01-03
0385344058,THE DEAD IN THEIR VAULTED ARCHES,2014-02-02,Not Found
0385533020,DAMNED,2011-11-06,2011-11-20
0062132563,ALL THE SINGLE LADIES,2015-06-28,2015-07-19
0345526546,THE KING&#39;S DECEPTION,2013-06-30,2013-07-14
0345541405,BREAKDOWN,2016-02-21,2016-03-20
0307271862,THE MAN FROM BEIJING,2010-03-07,2010-03-21
0316334529,THE RUMOR,2015-07-05,2015-08-23
0312651325,THE HUSBAND LIST,2013-01-27,2013-02-03
0399155996,THE WRECKER,2009-12-06,2010-01-10
1400065933,I STILL DREAM ABOUT YOU,2010-11-28,2011-01-09
0525953019,HOTSHOT,2013-08-25,2013-09-01
0385350287,THE TWELVE TRIBES OF HATTIE,2012-12-23,2013-03-10
1439199353,THE BOSTON GIRL,2014-12-28,2015-04-12
0553807137,YOUR HEART BELONGS TO ME,2008-12-14,2009-01-18
1439172560,THE FIRST BAD MAN,2015-02-01,2015-02-15
0399155414,NIGHT AND DAY,2009-03-15,2009-04-12
0399157379,QUICKSILVER,2011-05-08,2011-05-15
1400065941,THE ALL-GIRL FILLING STATION&#39;S LAST REUNION,2013-11-24,2013-12-29
1416586598,FOREIGN INFLUENCE,2010-07-18,2010-08-08
0670014893,A DELICATE TRUTH,2013-05-26,2013-06-16
1476758794,THE TAMING OF THE QUEEN,2015-09-13,2015-09-27
0345539818,GOLDEN SON,2015-01-25,2015-02-01
147675666X,WE ARE NOT OURSELVES,2014-09-07,2014-10-05
145162803X,A WINTER DREAM,2012-11-18,2012-12-02
0307700186,ALEPH,2011-10-16,2011-10-23
1416563814,FATAL ERROR,2011-02-20,2011-03-06
1476749116,THE MELODY LINGERS ON,2015-07-12,2015-08-02
0060873027,MICRO,2011-12-11,2012-01-15
145551604X,CROSS ROADS,2012-12-02,2013-02-17
0312358342,THE LEFTOVERS,2011-09-18,2011-10-09
0765378574,THE BANDS OF MOURNING,2016-02-14,2016-02-21
0399155198,ROUGH WEATHER,2008-11-09,2008-11-23
0670021474,ANGELOLOGY,2010-03-28,2010-04-18
140006788X,NIGHT FILM,2013-09-08,2013-09-22
039915566X,THE HONOR OF SPIES,2010-01-17,2010-02-07
1455525928,CRIMSON SHORE,2015-11-29,2015-12-06
1439165394,HER FEARFUL SYMMETRY,2009-10-18,2010-01-17
0525954457,FAST TRACK,2014-08-17,Not Found
0425268330,DARK LYCAN,2013-09-22,2013-09-29
0345528891,STARRY NIGHT,2013-10-27,2013-11-24
0399159843,SEVERE CLEAR,2012-10-07,2012-10-21
0345501551,DARK OF NIGHT,2009-02-15,2009-02-22
0385343833,THE TIGER&#39;S WIFE,2011-03-27,2011-05-22
1401324819,RAGING HEAT,2014-10-05,2014-10-12
0307593495,THE TROUBLED MAN,2011-04-17,Not Found
0061727679,A LESSON IN SECRETS,2011-04-10,Not Found
0399158030,ROBERT B. PARKER&#39;S LULLABY,2012-05-20,2012-06-17
0812993845,WEDDING NIGHT,2013-05-12,2013-05-19
0345497945,THE FINAL STORM,2011-06-05,2011-06-26
1250065933,BEACH TOWN,2015-06-07,2015-06-28
006227645X,DESERT GOD,2014-11-09,Not Found
0399157085,THE SECRET SOLDIER,2011-02-27,2011-03-13
1594204233,BLEEDING EDGE,2013-10-06,2013-10-13
0316126691,THE ART OF FIELDING,2011-09-25,2012-01-08
0525953612,MRS. LINCOLN&#39;S DRESSMAKER,2013-02-03,2013-02-24
0061348171,THE WHOLE ENCHILADA,2013-09-15,2013-09-22
0399157514,THE SPYMASTERS,2012-08-26,2012-09-16
0670026468,ANY OTHER NAME,2014-06-01,2014-06-15
0399156631,THE VIGILANTES,2010-08-29,2010-09-12
0307911543,THE HANDSOME MAN&#39;S DE LUXE CAFÉ,2014-11-16,2014-12-07
0399159509,ROBERT B. PARKER&#39;S DAMNED IF YOU DO,2013-09-29,2013-10-06
1594487367,THIS IS HOW YOU LOSE HER,2012-09-30,2012-11-11
0061351520,CALL ME IRRESISTIBLE,2011-02-06,2011-02-27
0399165142,OTHERWISE ENGAGED,2014-05-11,2014-05-18
1400069491,MIDNIGHT IN EUROPE,2014-06-22,2014-07-20
0345537262,ROGUES,2014-07-06,Not Found
1416585834,DOG ON IT,2009-03-08,2009-03-15
1416545182,MIDNIGHT,2008-11-23,2009-02-08
0062106066,THE GREAT ESCAPE,2012-07-29,Not Found
0525952977,THE 9TH GIRL,2013-07-07,2013-07-21
0385350864,BRIDGET JONES: MAD ABOUT THE BOY,2013-11-03,2013-11-10
145161781X,WHO DO YOU LOVE,2015-08-30,2015-09-20
0062134671,SECOND WATCH,2013-09-29,2013-10-06
0307595129,MAINE,2011-07-03,2011-08-21
1501108557,ALL DRESSED IN WHITE,2015-12-06,2015-12-27
0345523504,BLOODFIRE QUEST,2013-03-31,2013-04-07
0345527356,A BLAZE OF GLORY,2012-06-17,2012-07-15
0525954562,CRASH AND BURN,2015-02-22,2015-03-15
0312651236,WHAT DOESN&#39;T KILL YOU,2012-05-06,2012-05-13
039917124X,THE ASSASSINATION OPTION,2015-01-18,Not Found
0670022241,OUR KIND OF TRAITOR,2010-10-31,2010-11-21
1594634475,FATES AND FURIES,2015-10-04,2016-03-20
0316099783,BEAUTIFUL DAY,2013-07-14,2013-08-11
0553807986,PIRATE KING,2011-09-25,Not Found
0316201642,S.,2013-11-17,2014-03-09
0425255808,DARK STORM,2012-10-21,2012-10-28
0758234937,CINNAMON ROLL MURDER,2012-03-18,Not Found
0061969702,THE PAGAN LORD,2014-01-26,Not Found
030791156X,THE WOMAN WHO WALKED IN SUNSHINE,2015-11-15,Not Found
0345501535,INTO THE FIRE,2008-08-10,Not Found
0758280378,BLACKBERRY PIE MURDER,2014-03-16,Not Found
0743276744,THREE STATIONS,2010-09-05,2010-09-19
0312651201,EVE,2011-05-08,2011-05-15
1439156336,THE BURNING WIRE,2010-06-20,2010-06-27
031253955X,ONLY TIME WILL TELL,2011-09-18,2011-10-02
1455501514,DEADLINE,2013-10-13,2013-10-20
0553392719,WICKED CHARMS,2015-07-12,2015-07-26
0385521227,SISTERHOOD EVERLASTING,2011-07-03,2011-07-24
0399158138,BONE DEEP,2014-03-23,Not Found
0812993101,THE SUMMER BEFORE THE WAR,2016-04-10,Not Found
0778325911,A CEDAR COVE CHRISTMAS,2008-10-19,2008-11-23
1400064945,HOMER & LANGLEY,2009-09-20,2009-10-11
052595130X,DEEPER THAN THE DEAD,2010-01-17,2010-02-14
0345521307,THE PARIS WIFE,2011-03-13,2012-05-20
1414319703,DAMASCUS COUNTDOWN,2013-03-24,2013-04-14
0062132466,THE LAST ORIGINAL WIFE,2013-06-30,2013-07-28
0743437209,LAVENDER MORNING,2009-04-19,2009-04-26
0770437850,THE DINNER,2013-03-03,2013-04-21
0061859303,PHANTOM,2012-04-08,2012-04-15
0345527380,A CHAIN OF THUNDER,2013-06-09,2013-06-23
0399155864,THE TRAFFICKERS,2009-08-23,2009-08-30
0061257079,"BRAVA, VALENTINE",2010-02-28,2010-03-21
0425255719,DEAD ICE,2015-06-28,Not Found
1594633118,THE PAYING GUESTS,2014-10-05,2014-11-02
0345541375,MOTIVE,2015-03-01,2015-03-22
1476790221,THE ACCIDENTAL EMPRESS,2015-03-08,2015-03-15
0345545311,THE MURDERER&#39;S DAUGHTER,2015-09-06,2015-09-13
0446195979,PHANTOM PREY,2008-06-08,2008-07-06
0061558265,THE NIGHT ETERNAL,2011-11-13,Not Found
0802121012,THE GOLDEN EGG,2013-04-14,2013-04-21
1416549978,THE BROKEN WINDOW,2008-06-29,2008-07-27
0399156461,BURNING LAMP,2010-05-09,2010-05-16
0316410977,MIRACLE AT AUGUSTA,2015-04-26,2015-07-05
1250027659,ACCUSED,2013-11-17,2013-11-24
0385351399,THE CIRCLE,2013-10-27,2014-01-12
1620401398,THE BONE SEASON,2013-09-08,2013-09-22
0061348155,CRUNCH TIME,2011-04-24,Not Found
0312583206,THE HIGHWAY,2013-08-18,2013-08-25
0743281640,CHASING DARKNESS,2008-07-20,2008-08-10
039917351X,DEEP BLUE,2016-04-03,2016-04-10
1439165319,A DEEPER LOVE INSIDE,2013-02-17,2013-03-31
006211946X,RAYLAN,2012-02-05,2012-03-11
0345509161,ASCENSION,2011-08-28,2011-09-04
0374299048,THE THREE WEISSMANNS OF WESTPORT,2010-03-07,2010-04-18
055380801X,FRANKENSTEIN: LOST SOULS,2010-07-04,2010-07-18
1416586288,HALF BROKE HORSES,2009-10-25,2010-02-14
0765326353,THE WAY OF KINGS,2010-09-19,2010-10-03
0399174664,NAKED GREED,2015-08-02,2015-08-16
039916149X,THE PROMISE,2015-11-29,2015-12-06
0385534795,THE SANDCASTLE GIRLS,2012-08-05,2012-08-19
0061779784,SECONDHAND SOULS,2015-09-13,2015-09-20
1476789630,LUCKIEST GIRL ALIVE,2015-05-31,2015-09-20
0805080686,WOLF HALL,2009-11-01,2010-01-24
080211928X,MATTERHORN,2010-04-11,2010-06-27
0399158316,CHASING MIDNIGHT,2012-03-25,Not Found
044101769X,FIRST LORD&#39;S FURY,2009-12-13,Not Found
0345530977,PEGASUS,2014-11-16,2014-11-30
0399155406,DEAD SILENCE,2009-03-29,2009-04-12
0062196243,THE DAYS OF ANNA MADRIGAL,2014-02-09,2014-02-23
0765330423,THE ALLOY OF LAW,2011-11-27,Not Found
0399164731,THE FINAL CUT,2013-10-06,2013-10-20
1439102457,BONES OF THE LOST,2013-09-15,2013-09-22
1455536342,THE STEEL KISS,2016-03-27,2016-04-10
0385351372,THE SON,2014-06-01,2014-06-08
0525952039,THE UNION QUILTERS,2011-03-13,2011-03-20
0062060554,BEFORE I GO TO SLEEP,2011-07-03,2011-08-14
1401324029,NAKED HEAT,2010-10-17,2010-11-14
0061230944,THE LAST ORACLE,2008-07-13,2008-08-03
0802122647,BY ITS COVER,2014-04-20,2014-04-27
0345497627,THE KEEPSAKE,2008-09-28,2008-10-05
031238078X,SAVE ME,2011-05-01,2011-05-22
0345501578,HOT PURSUIT,2009-08-16,2009-08-23
1617732168,WEDDING CAKE MURDER,2016-03-13,2016-03-20
0345509188,ABYSS,2009-09-06,2009-09-13
0670021040,CALEB&#39;S CROSSING,2011-05-22,2011-06-26
0061624764,THE LACE READER,2008-08-17,2008-09-21
1451640218,SNIPER&#39;S HONOR,2014-06-08,2014-06-15
0345544048,SPEAKING IN BONES,2015-08-09,2015-08-16
0399155694,BORDERLINE,2009-04-26,2009-05-10
0316074233,THE PALE KING,2011-04-17,2011-05-08
0399158294,THE SHADOW PATROL,2012-03-11,2012-03-18
1451647034,THE CHANCE,2013-03-24,2013-04-14
0399155422,PURSUIT,2009-04-12,2009-04-19
0060004878,LIVE BY NIGHT,2012-10-21,2012-11-11
0385492723,JUST TOO GOOD TO BE TRUE,2008-08-03,2008-08-17
0385531400,THE FORGOTTEN ROOM,2015-05-31,2015-06-14
0345531795,DREAMING SPIES,2015-03-08,Not Found
1416550038,GRACE,2008-10-26,2008-11-02
0399162577,THE LAST WITNESS,2013-08-25,2013-09-08
0399159738,THE COUNTERFEIT AGENT,2014-03-02,2014-03-16
0312614586,DESTROYER ANGEL,2014-04-20,Not Found
0399156194,THE POSTMISTRESS,2010-02-28,2010-04-18
0312368119,DEADLOCK,2009-05-10,2009-05-17
0446550000,ROSES,2010-01-31,2010-03-07
0061558222,THE FALL,2010-10-10,2010-10-17
1451626118,THE KING&#39;S CURSE,2014-09-28,2014-10-05
0316098337,ROOM,2010-10-03,2011-04-03
006199104X,THE BLOOD GOSPEL,2013-01-27,2013-02-03
0385344031,SPEAKING FROM AMONG THE BONES,2013-02-17,Not Found
0345527410,THE SMOKE AT DAWN,2014-06-22,2014-06-29
0425256758,DEAD HEAT,2015-03-22,2015-03-29
0345531000,COUNTRY,2015-07-05,2015-07-26
0345511344,THE OLD REPUBLIC: REVAN,2011-12-04,Not Found
1439152802,THE SECRET KEEPER,2012-11-04,2012-11-25
0765378558,SHADOWS OF SELF,2015-10-25,Not Found
1402785925,THREE SECONDS,2011-01-23,2011-02-13
0446554995,TWO GRAVES,2012-12-30,2013-01-20
0441018688,DEATH&#39;S EXCELLENT VACATION,2010-08-22,Not Found
0345509145,ALLIES,2010-06-13,2010-06-20
1401324800,DEADLY HEAT,2013-10-06,2013-10-13
0385340281,SOUTHERN LIGHTS,2009-11-08,2009-11-22
1594203970,NW,2012-09-23,2012-10-07
052595192X,SECRETS TO THE GRAVE,2011-01-16,2011-02-06
0307700313,SOME LUCK,2014-10-26,2014-11-23
0385538057,MAKE SOMETHING UP,2015-06-14,2015-06-21
0385343132,LEGACY,2010-10-17,2010-10-31
0670021873,FAITHFUL PLACE,2010-08-01,2010-08-15
052595144X,TREASURE HUNT,2010-01-31,Not Found
0399158146,CUBA STRAITS,2015-04-12,2015-04-19
0061227331,THE MERCEDES COFFIN,2008-08-31,2008-09-14
0385528787,MADDADDAM,2013-09-22,2013-10-13
141431163X,THE TWELFTH IMAM,2010-11-07,2010-11-21
0307957276,THE BEGINNER&#39;S GOODBYE,2012-04-22,2012-05-13
0385352123,WIND/PINBALL,2015-08-23,2015-08-30
1401324444,FROZEN HEAT,2012-09-30,2012-10-14
1439170258,WRECKED,2010-05-02,2010-05-09
0060004908,WORLD GONE BY,2015-03-29,2015-04-19
0670021601,THE BLACK CAT,2010-04-25,2010-05-02
0312591845,TEMPTING FATE,2014-04-13,Not Found
0399164766,THE LOST KEY,2014-10-19,2014-10-26
0399164146,DOING HARD TIME,2013-10-27,2013-11-03
0765321548,HOW FIRM A FOUNDATION,2011-10-02,2011-10-09
0312546610,TIME UNTIME,2012-08-26,Not Found
0385337515,THE SCOTTISH PRISONER,2011-12-18,2012-01-01
0399157875,COPPER BEACH,2012-01-29,Not Found
039915521X,RUNNING HOT,2009-01-18,2009-02-01
0765332000,SHADOWS IN FLIGHT,2012-02-05,Not Found
0802124801,THE WATERS OF ETERNAL YOUTH,2016-03-27,2016-04-03
0345531043,UNDERCOVER,2015-09-20,2015-10-18
0385524285,DEVIL MAY CARE,2008-06-15,2008-06-29
0385523211,APE HOUSE,2010-09-26,2010-10-10
1416549994,ROADSIDE CROSSES,2009-06-28,2009-07-05
0385349580,AN OFFICER AND A SPY,2014-02-16,2014-03-02
0061239224,FIRE AND ICE,2009-08-09,2009-08-23
0399156127,THE WOLF AT THE DOOR,2010-02-07,2010-02-28
0385343663,THE IMPERFECTIONISTS,2010-05-23,2010-06-13
0399174117,THE PHARAOH&#39;S SECRET,2015-12-06,2015-12-20
0316059862,TESTIMONY,2008-11-09,2008-11-30
0060746769,DAMAGE CONTROL,2008-08-10,2008-08-24
0385528779,THE YEAR OF THE FLOOD,2009-10-11,2009-10-18
0345506936,SHADOW WOMAN,2013-01-20,Not Found
0399156852,PAINTED LADIES,2010-10-24,2010-11-07
1594204993,REDEPLOYMENT,2014-03-23,2015-02-08
0062250949,WARRIORS OF THE STORM,2016-02-07,2016-02-14
1455517135,THE SKIN COLLECTOR,2014-06-01,2014-06-15
0307957128,THE SENSE OF AN ENDING,2011-11-06,2012-02-19
0765323974,HALO: SILENTIUM,2012-01-22,Not Found
0758211848,MALICE,2009-04-19,2009-05-03
0765323982,HALO: SILENTIUM,2013-04-07,Not Found
0345517199,ICE,2009-11-29,Not Found
0670022314,THE MAGICIAN KING,2011-08-28,2011-09-11
0345505492,THE EMPEROR&#39;S TOMB,2010-12-12,2010-12-19
0385518366,DEXTER BY DESIGN,2009-09-27,2009-10-04
0345543122,THE JOB,2014-12-07,2014-12-14
1416566384,CARELESS IN RED,2008-06-08,2008-06-22
1101875895,OUR SOULS AT NIGHT,2015-06-14,2015-07-12
0062206281,THE PRISONER OF HEAVEN,2012-07-29,2012-08-05
0525953086,FEAR NOTHING,2014-01-26,2014-02-09
0316204277,"WHERE&#39;D YOU GO, BERNADETTE",2012-09-02,2012-09-16
076531505X,A MIGHTY FORTRESS,2010-05-02,Not Found
1416562176,CURSED,2009-04-26,2009-05-03
0399154981,DEATH AND HONOR,2008-06-22,2008-07-06
006185929X,WARLORD,2010-10-03,2010-10-10
0307595862,THE SNOWMAN,2011-05-29,2011-06-26
0307594165,HOME,2012-05-27,2012-06-24
0345528204,FALLEN,2011-07-10,2011-07-17
0399169121,PARIS MATCH,2014-10-26,2014-11-16
0345547497,COP TOWN,2014-07-13,Not Found
0312533780,A WALLFLOWER CHRISTMAS,2008-11-02,Not Found
0061990639,THE SOUND OF BROKEN GLASS,2013-03-10,Not Found
1250020026,SILENCING EVE,2013-10-20,Not Found
0399155937,HARDBALL,2009-10-11,Not Found
0399156208,THE MIDNIGHT HOUSE,2010-02-28,2010-03-14
0446527874,OFF SEASON,2008-08-31,2008-09-21
0525950974,THE SIGN,2009-06-07,2009-06-14
0399155023,FOREIGN BODY,2008-08-24,2008-09-14
0399173803,THE END GAME,2015-10-04,2015-10-18
0425230155,GRAVE SECRET,2009-11-15,Not Found
0061231428,ALTAR OF EDEN,2010-01-17,2010-01-24
034553087X,DARKER AFTER MIDNIGHT,2012-02-12,Not Found
1594205418,FUNNY GIRL,2015-02-22,2015-03-01
0670018856,THE BEACH HOUSE,2008-07-06,2008-08-24
0805087729,ECLIPSE,2009-01-25,2009-02-15
1250019699,SAVE THE DATE,2014-06-22,Not Found
0312351666,SMOOTH TALKING STRANGER,2009-04-19,2009-04-26
0425277356,DARK PROMISES,2016-04-03,Not Found
0345505476,THE PARIS VENDETTA,2009-12-20,2009-12-27
1594633177,IN PARADISE,2014-04-27,2014-05-04
0312341814,MARRIED LOVERS,2008-06-29,2008-07-13
0062134701,REMAINS OF INNOCENCE,2014-08-10,2014-08-17
1501116975,THE JAPANESE LOVER,2015-11-22,2016-02-07
0399155910,EVEN MONEY,2009-09-13,2009-09-27
0061558230,THE STRAIN,2009-06-21,2009-06-28
145161747X,THE DOVEKEEPERS,2011-10-23,2011-11-27
0553808036,INNOCENCE,2013-12-29,2014-01-26
0446539813,THE BOURNE OBJECTIVE,2010-06-20,2010-07-11
0385349963,THE WOLVES OF MIDWINTER,2013-11-03,Not Found
0345486544,DEATH ANGEL,2008-07-20,2008-07-27
1439129177,DASHING THROUGH THE SNOW,2008-12-07,2009-01-11
0399156747,BODY WORK,2010-09-19,2010-09-26
1414319355,THE TEHRAN INITIATIVE,2011-11-06,2011-11-13
1439136610,LAST NIGHT AT CHATEAU MARMONT,2010-09-05,2010-09-19
0399156275,SHATTERED,2010-04-11,2010-04-18
0061438456,RETURN TO SULLIVANS ISLAND,2009-07-19,2009-08-16
0805082166,AMONG THE MAD,2009-03-08,Not Found
1439150036,PROMISE ME,2010-10-24,2010-10-31
0553807994,GARMENT OF SHADOWS,2012-09-23,Not Found
0345528875,ANGELS AT THE TABLE,2012-11-11,2012-11-25
0307956350,THE EXPATS,2012-03-25,2012-04-15
0385515510,TERMINAL FREEZE,2009-03-15,2009-04-05
0553807234,THE NEIGHBOR,2009-07-05,2009-07-19
0553804545,THE LANGUAGE OF BEES,2009-05-17,Not Found
0345528697,THE SWANS OF FIFTH AVENUE,2016-02-14,2016-04-10
039917432X,THE SOLOMON CURSE,2015-09-20,2015-10-18
0312614578,THE ROPE,2012-02-05,2012-02-12
1501119796,THE MISTLETOE INN,2015-12-06,2015-12-13
0316224588,STANDING IN ANOTHER MAN&#39;S GRAVE,2013-02-03,2013-02-10
0307960471,PHANTOM,2012-10-21,2012-11-04
0061731153,BETRAYAL OF TRUST,2011-07-24,2011-07-31
0312567243,ASSEGAI,2009-05-31,2009-06-14
0446564443,THE BOURNE DOMINION,2011-08-07,2011-08-14
0345485793,THE CHARLEMAGNE PURSUIT,2008-12-21,2009-01-18
0399156488,BLUE-EYED DEVIL,2010-05-23,2010-06-06
0312368151,EIGHT DAYS TO LIVE,2010-05-09,2010-05-16
1451608217,BLOCKADE BILLY,2010-06-13,2010-07-11
052595161X,HELL GATE,2010-03-28,2010-04-04
0061257052,VERY VALENTINE,2009-02-22,2009-03-15
1439136823,LOTHAIRE,2012-01-29,Not Found
1250055806,THE SCARLET GOSPELS,2015-06-07,Not Found
159995334X,THE PRIEST&#39;S GRAVEYARD,2011-05-08,Not Found
0399171940,RAIN ON THE DEAD,2015-01-18,Not Found
0385342322,A RED HERRING WITHOUT MUSTARD,2011-02-27,Not Found
0525954554,THE BITTER SEASON,2016-01-31,2016-02-21
0525952640,SONOMA ROSE,2012-03-11,Not Found
1476710791,WAYFARING STRANGER,2014-08-03,2014-08-10
0385354193,BLOOD ON SNOW,2015-04-26,2015-05-10
0399156828,ZERO HISTORY,2010-09-26,2010-10-10
0399159347,THE HUSBAND&#39;S SECRET,2013-08-18,2014-10-26
1101990260,THE WIDOW,2016-03-06,2016-04-10
0374292086,WOLF IN WHITE VAN,2014-10-05,2014-10-19
0399157026,IN TOO DEEP,2011-01-16,Not Found
0385344406,ICED,2012-11-18,Not Found
0374281092,SOMEONE,2013-09-29,2013-10-13
0399158448,THE PERIPHERAL,2014-11-16,2014-11-23
0399165274,THE KILL LIST,2013-09-08,2013-09-15
0060548940,OUT OF OZ,2011-11-20,2011-12-18
081299891X,TWO YEARS EIGHT MONTHS AND TWENTY-EIGHT NIGHTS,2015-09-27,2015-10-11
0061961175,LOWCOUNTRY SUMMER,2010-07-04,2010-07-18
0425242099,KISS OF SNOW,2011-06-19,Not Found
0345516532,UNDER THE WIDE AND STARRY SKY,2014-02-09,2014-02-23
0061147958,HORNS,2010-03-07,2010-03-21
0547577532,THE PRAGUE CEMETERY,2011-11-27,2011-12-04
0399159746,TWELVE DAYS,2015-03-01,2015-03-15
031258752X,A HEARTBEAT AWAY,2011-03-06,2011-03-13
0553807242,LIVE TO TELL,2010-08-01,2010-08-08
0399155503,A DARKER PLACE,2009-02-15,2009-03-01
0525952632,NIGHT WATCH,2012-07-29,2012-08-05
0316043877,THE ISLAND,2010-07-25,2010-08-01
1416563709,THE LADY OF THE RIVERS,2011-11-06,2011-11-13
034551064X,A SUNLESS SEA,2012-09-16,Not Found
1250049377,LANDLINE,2014-07-27,Not Found
0061930237,TRADER OF SECRETS,2011-06-19,2011-06-26
0385343302,A SECRET AFFAIR,2010-06-06,Not Found
0385344422,FEVERBORN,2016-02-07,Not Found
054705484X,INDIGNATION,2008-10-05,2008-10-19
0802120237,BEASTLY THINGS,2012-04-22,2012-04-29
0399165126,RIVER ROAD,2014-01-26,Not Found
1451626096,THE WHITE PRINCESS,2013-08-11,2013-09-01
1401324134,THE SECRET LIFE OF DAMIAN SPINELLI,2011-04-24,2011-05-22
0399157050,NIGHT VISION,2011-03-13,2011-03-27
0786963719,THE COMPANIONS,2013-08-25,2013-09-01
0553807218,THE GIRL WHO CHASED THE MOON,2010-04-04,Not Found
1400066034,SPIES OF THE BALKANS,2010-07-04,2010-07-11
0525952020,SILENT MERCY,2011-03-27,2011-04-03
0399159495,ROBERT B. PARKER&#39;S FOOL ME TWICE,2012-09-30,2012-10-14
0399170847,ROBERT B. PARKER&#39;S KICKBACK,2015-06-07,2015-06-14
0062120395,THE SON,2013-06-16,2013-08-11
1594746370,WILLIAM SHAKESPEARE&#39;S STAR WARS,2013-07-21,2013-09-22
0312567464,GODDESS OF VENGEANCE,2011-10-02,2011-10-09
0385341059,SEDUCING AN ANGEL,2009-06-07,2009-06-14
045123801X,RAPTURE,2012-10-14,Not Found
0670026115,MISS JULIA&#39;S MARVELOUS MAKEOVER,2014-04-27,Not Found
0385353308,STATION ELEVEN,2014-10-12,2015-02-15
1250028655,Z,2013-04-14,2013-05-12
0345539478,UNSEEN,2013-07-21,Not Found
034551548X,ICE COLD,2010-07-18,2010-08-08
0399156046,THE LAW OF NINES,2009-09-06,2009-09-13
0399156917,SANTA FE EDGE,2010-10-10,2010-10-17
0786963646,THE LAST THRESHOLD,2013-03-24,2013-03-31
0312380348,IRON HOUSE,2011-07-31,2011-08-07
1416533168,THE LOST QUILTER,2009-04-19,Not Found
0375409289,A GATE AT THE STAIRS,2009-09-20,2009-10-11
081299289X,CHINA DOLLS,2014-06-22,2014-07-13
0345543165,THE SCAM,2015-10-04,2015-10-11
0307700321,EARLY WARNING,2015-05-17,2015-05-24
1250029945,DRAGONBANE,2015-08-23,Not Found
0399158952,DREAM EYES,2013-01-27,Not Found
0399159096,THE MYSTERY WOMAN,2013-05-12,Not Found
1599951959,BONEMAN&#39;S DAUGHTERS,2009-05-03,2009-05-10
0544115899,THE FALL OF ARTHUR,2013-06-09,Not Found
0062135252,THE KILL SWITCH,2014-06-01,2014-06-08
0399157352,COLD WIND,2011-04-10,2011-04-17
1594631573,THE VACATIONERS,2014-06-15,2014-08-10
0312359322,THE LAST CHILD,2009-05-31,2009-06-14
1439192952,THE ATHENA PROJECT,2010-12-12,Not Found
0061230901,GUARDIAN OF LIES,2009-08-02,2009-08-16
0312611617,CLOSE YOUR EYES,2012-08-05,Not Found
039915972X,THE NIGHT RANGER,2013-03-03,Not Found
0385526350,TELL-ALL,2010-05-23,2010-06-06
0062270486,SPIDER WOMAN&#39;S DAUGHTER,2013-10-20,Not Found
0312368089,DARK SUMMER,2008-11-09,2008-11-16
0385352859,THE NARROW ROAD TO THE DEEP NORTH,2014-11-02,2014-11-30
0062136585,THE SUPREME MACARONI COMPANY,2013-12-15,2013-12-22
0399161570,ROBERT B. PARKER&#39;S WONDERLAND,2013-05-26,2013-06-02
0547273428,THE LEGEND OF SIGURD AND GUDRUN,2009-05-24,2009-05-31
0778325504,THE WHOLE TRUTH,2008-06-08,2008-06-15
1416537325,NO CHOICE BUT SEDUCTION,2008-07-06,2008-07-13
034546933X,EXECUTION DOCK,2009-04-12,Not Found
1476745005,MOVING TARGET,2014-03-09,2014-03-16
1451628587,LEFT FOR DEAD,2012-02-26,2012-03-04
0765321556,MIDST TOIL AND TRIBULATION,2012-10-07,Not Found
052595399X,NO FORTUNATE SON,2015-01-18,Not Found
0525426582,ONE PLUS ONE,2014-07-20,2014-08-03
1501112317,"IN A DARK, DARK WOOD",2015-08-30,2015-09-06
1439170312,GYPPED,2012-04-22,Not Found
1400069629,DELICIOUS!,2014-05-25,2014-06-08
0385532725,ESCAPE,2011-07-24,Not Found
0399174672,FOREIGN AFFAIRS,2015-11-01,2015-11-08
0670020486,THE PIANO TEACHER,2009-02-01,2009-02-15
1451638698,SHADOW OF FREEDOM,2013-03-24,Not Found
0765315033,BY HERESIES DISTRESSED,2009-07-26,Not Found
0765317699,THE KRAKEN PROJECT,2014-06-01,Not Found
1416533184,THE ALOHA QUILT,2010-04-25,Not Found
0553805541,THE GOD OF THE HIVE,2010-05-16,Not Found
0399169458,ROBERT B. PARKER&#39;S BLIND SPOT,2014-09-28,2014-10-12
006123088X,SHADOW OF POWER,2008-06-15,2008-06-29
0061731161,JUDGMENT CALL,2012-08-12,2012-08-19
0061928127,BEAUTIFUL RUINS,2012-07-15,2012-08-19
0767926277,BASKETBALL JONES,2009-02-15,2009-03-01
031607991X,THE BLINDING KNIFE,2012-09-30,2012-10-07
0758225644,WITHOUT MERCY,2010-04-18,Not Found
0399166300,CELL,2014-02-23,Not Found
0312567251,THOSE IN PERIL,2011-05-29,2011-06-12
0061706558,I&#39;D KNOW YOU ANYWHERE,2010-09-05,2010-09-19
0062279386,WARRIORS,2014-04-20,2014-05-04
0553807226,THE PEACH KEEPER,2011-04-10,Not Found
1451693591,THE MARRIAGE OF OPPOSITES,2015-08-23,2015-09-13
1400066409,SUPER SAD TRUE LOVE STORY,2010-08-15,2010-08-29
0670020419,THE WOMEN,2009-03-01,2009-03-15
1250020042,LIVE TO SEE TOMORROW,2014-05-18,Not Found
1501110721,CLAWBACK,2016-03-27,2016-04-03
0312546343,THIS BOOK IS FULL OF SPIDERS,2012-10-21,Not Found
0061926515,SUPREME JUSTICE,2010-06-06,Not Found
0345522028,SONGS OF WILLOW FROST,2013-09-29,Not Found
1250000971,THE SINS OF THE FATHER,2012-05-27,2012-06-17
0345549198,THE FATEFUL LIGHTNING,2015-06-21,2015-07-05
0316376116,WINTER STREET,2014-11-02,2014-11-16
0804139024,THE MARTIAN,2014-03-02,2014-03-23
0385534817,THE LIGHT IN THE RUINS,2013-07-28,2013-08-18
0441015891,FROM DEAD TO WORSE,2008-06-08,2009-03-01
0805087745,IN THE NAME OF HONOR,2010-07-18,Not Found
039915681X,CROSSFIRE,2010-09-05,2010-09-12
0061160873,INVINCIBLE,2008-06-08,2008-06-15
0399165894,THE DEATH TRADE,2014-01-19,Not Found
0765317583,ONE SECOND AFTER,2009-04-19,2009-05-10
1620408937,THE MIME ORDER,2015-02-15,Not Found
0385524072,RULES OF VENGEANCE,2009-08-23,2009-08-30
1476704643,LEAVING BERLIN,2015-03-22,2015-04-19
0312547749,"THE WALKING DEAD, RISE OF THE GOVERNOR",2012-11-04,Not Found
0345497929,NO LESS THAN VICTORY,2009-11-22,2009-11-29
0061969672,1356,2013-01-27,2013-02-03
1594488398,THE INTERESTINGS,2013-04-28,2013-05-26
052595239X,DOWN THE DARKEST ROAD,2012-01-15,2012-01-22
0385538898,THE GUEST ROOM,2016-01-24,2016-02-14
0399165150,GARDEN OF LIES,2015-05-10,2015-05-17
1451694148,THE FIFTH GOSPEL,2015-03-22,2015-05-10
0385533039,DOOMED,2013-10-27,Not Found
0061702560,HANGMAN,2010-08-22,2010-08-29
0062343262,BLOOD INFERNAL,2015-03-01,Not Found
0312547730,"THE WALKING DEAD, RISE OF THE GOVERNOR",2011-10-30,Not Found
143917282X,FOUNDERS,2012-10-14,Not Found
0765312948,PAUL OF DUNE,2008-10-05,2008-10-19
0345523539,WITCH WRAITH,2013-08-04,Not Found
0553418777,THE LITTLE PARIS BOOKSHOP,2015-07-19,2015-09-13
0812998685,SLADE HOUSE,2015-11-15,Not Found
1414336241,THE AUSCHWITZ ESCAPE,2014-04-06,2014-04-27
1451647050,FIFTEEN MINUTES,2013-11-17,Not Found
0307263991,SWAMPLANDIA!,2011-02-27,2011-03-13
0786952334,THE GHOST KING,2009-10-25,2009-11-08
0312368127,BLOOD GAME,2009-11-08,2009-11-15
0062270516,ROCK WITH WINGS,2015-05-24,2015-06-07
0758234910,DEVIL&#39;S FOOD CAKE MURDER,2011-03-13,Not Found
1400065453,THE THOUSAND AUTUMNS OF JACOB DE ZOET,2010-07-18,2010-08-15
0399155716,BRIMSTONE,2009-05-24,2009-05-31
0812993861,SHOPAHOLIC TO THE STARS,2014-11-09,Not Found
042527733X,DARK GHOST,2015-09-20,Not Found
0758234899,APPLE TURNOVER MURDER,2010-03-14,2010-03-21
1594488878,"JULIET, NAKED",2009-10-18,2009-10-25
0345511328,THE OLD REPUBLIC: FATAL ALLIANCE,2010-08-08,2010-08-15
0399158588,SHOTS FIRED,2014-08-03,Not Found
0399169466,ROBERT B. PARKER&#39;S THE DEVIL WINS,2015-09-27,Not Found
0399157859,LIONHEART,2011-10-23,Not Found
0553391151,MR. MIRACLE,2014-10-26,2014-11-16
0061239240,QUEEN OF THE NIGHT,2010-08-15,Not Found
1501110993,DEATH WEARS A BEAUTY MASK AND OTHER STORIES,2015-05-17,2015-05-31
1594488584,THE LONG FALL,2009-04-12,2009-04-19
0061990612,NO MARK UPON HER,2012-02-26,Not Found
0307962334,RULES FOR A KNIGHT,2015-12-06,2015-12-13
147674923X,WINDIGO ISLAND,2014-09-07,Not Found
0525954600,SUSPICION,2014-06-15,Not Found
0451463528,THE HIGH KING OF MONTIVAL,2010-09-26,Not Found
1451645678,TRICKSTER&#39;S POINT,2012-09-09,Not Found
0425263150,MIDNIGHT CROSSROAD,2014-05-25,Not Found
159474713X,WILLIAM SHAKESPEARE&#39;S THE JEDI DOTH RETURN,2014-07-20,Not Found
1439140219,TATIANA,2013-12-01,Not Found
0446564478,THE BOURNE IMPERATIVE,2012-06-24,2012-07-08
0525950923,A PLAGUE OF SECRETS,2009-07-19,2009-07-26
147671777X,INSIDE THE O&#39;BRIENS,2015-04-26,2015-05-10
0062271601,TO DWELL IN DARKNESS,2014-10-12,Not Found
1400063973,THE 19TH WIFE,2008-08-31,2008-09-07
1439150001,THE CHRISTMAS LIST,2009-10-25,Not Found
0316185906,THE LIFEBOAT,2012-04-29,2012-05-20
0307595854,THE REDEEMER,2013-06-09,2013-06-16
0061727660,THE MAPPING OF LOVE AND DEATH,2010-04-11,Not Found
0425271447,DARK BLOOD,2014-09-21,Not Found
0312385188,PRAYERS FOR SALE,2009-05-03,Not Found
1250027705,BETRAYED,2014-12-14,Not Found
0553804332,SAY GOODBYE,2008-08-03,2008-08-17
0312593309,THE HOUSE I LOVED,2012-03-04,2012-03-18
1594747156,WILLIAM SHAKESPEARE&#39;S THE EMPIRE STRIKETH BACK,2014-04-06,2014-05-18
0345506189,ORDER 66,2008-10-05,2008-10-12
1400068312,SISTERLAND,2013-07-14,2013-07-28
1416591478,STORM FROM THE SHADOWS,2009-03-22,2009-03-29
0525953876,DEATH ANGEL,2013-08-18,Not Found
1414318634,HER MOTHER&#39;S HOPE,2010-04-04,2010-04-11
052595242X,THE WEDDING QUILT,2011-11-20,Not Found
0679644059,AIMLESS LOVE,2013-11-10,2013-12-01
0525427996,BEAUTY&#39;S KINGDOM,2015-05-10,Not Found
1414368186,BRIDGE TO HAVEN,2014-05-11,2014-05-18
0307596907,THE WOMAN UPSTAIRS,2013-05-19,2013-06-02
0758210221,CREAM PUFF MURDER,2009-03-15,2009-03-22
0312323573,THE ASSASSIN,2008-08-24,2008-09-14
0778314936,THE APPLE ORCHARD,2013-05-19,Not Found
0062429051,PRETTY GIRLS,2015-10-18,2015-10-25
0345546830,KENOBI,2013-09-15,Not Found
1414334095,HER DAUGHTER&#39;S DREAM,2010-10-03,2010-10-10
0525951768,DAMAGE,2011-01-23,2011-02-06
0399158685,INSANE CITY,2013-02-17,2013-03-03
0373773781,HEARTLESS,2009-06-14,2009-06-21
0345521226,BREAKING THE RULES,2011-04-10,Not Found
0062065246,THE ROUND HOUSE,2012-10-21,2013-02-24
1451628684,DEADLY STAKES,2013-02-24,Not Found
0312354630,BEING ELIZABETH,2008-09-07,2008-09-14
0756406609,BLACKVEIL,2011-02-20,Not Found
0670025771,THE SECRET CHORD,2015-10-25,2015-11-01
0812993144,TAPESTRY OF FORTUNES,2013-04-28,Not Found
0345500679,THE FIRE,2008-11-02,Not Found
0307957934,THE FEAR INDEX,2012-02-19,2012-02-26
0446527890,BURNT MOUNTAIN,2011-08-07,Not Found
0345545966,ASHLEY BELL,2015-12-27,2016-01-31
0345521277,BORN TO DARKNESS,2012-04-08,Not Found
045146415X,THE TEARS OF THE SUN,2011-09-25,Not Found
1101947411,A FEW OF THE GIRLS,2016-03-20,2016-04-10
031261456X,BURN,2010-08-22,Not Found
0307957233,VAMPIRES IN THE LEMON GROVE,2013-03-03,2013-03-17
034552554X,THE LANGUAGE OF FLOWERS,2011-09-11,2011-10-09
0375425144,THE LOST ART OF GRATITUDE,2009-10-11,Not Found
0425258742,HAVEN,2012-08-19,Not Found
0062067753,THE LONG EARTH,2012-07-08,Not Found
0307959945,THE DOG STARS,2012-08-26,2012-09-16
0061974323,INTO THE WOODS,2012-10-28,Not Found
1401324827,DRIVING HEAT,2015-10-04,Not Found
1455517151,SOLITUDE CREEK,2015-05-31,Not Found
0399161589,ROBERT B. PARKER&#39;S CHEAP SHOT,2014-05-25,2014-06-01
1439133611,MISSION OF HONOR,2010-07-11,Not Found
1400069262,BEATRICE AND VIRGIL,2010-05-02,2010-05-09
0307346528,PERFECT FIFTHS,2009-05-03,Not Found
1250052017,"THE FALL OF THE GOVERNOR, PART 2",2014-03-23,Not Found
034550898X,THE CLONE WARS,2008-08-17,2008-08-31
1451617054,FALL FROM GRACE,2012-04-08,Not Found
0525953892,DEVIL&#39;S BRIDGE,2015-08-30,Not Found
0451464761,LORD OF MOUNTAINS,2012-09-23,Not Found
0812993152,THE DREAM LOVER,2015-05-03,Not Found
0425256227,MAGIC BREAKS,2014-08-17,Not Found
1476798842,THE IMMORTAL NICHOLAS,2015-11-15,2015-12-27
0399176950,SATURN RUN,2015-10-25,Not Found
0446572470,THE REVEREND&#39;S WIFE,2012-05-20,Not Found
1416550763,JAINA PROUDMOORE: TIDES OF WAR,2012-09-16,Not Found
0446583855,MONDAY MORNINGS,2012-04-01,2012-04-15
0312567472,THE POWER TRIP,2013-03-03,2013-03-10
0871407868,THE LAST KIND WORDS SALOON,2014-05-25,2014-06-15
0385524943,THE GARGOYLE,2008-08-24,2008-09-07
0062349376,THE HARDER THEY COME,2015-04-19,Not Found
0307393879,THE RED GARDEN,2011-02-13,2011-02-27
0446527955,THE GIRLS OF AUGUST,2014-07-27,Not Found
1250036135,THE CAIRO AFFAIR,2014-04-06,Not Found
0061988243,ISLAND BENEATH THE SEA,2010-05-16,2010-06-13
1594632022,LAST BUS TO WISDOM,2015-09-06,Not Found
1400043530,ANGEL TIME,2009-11-15,Not Found
0374299102,HOME,2008-09-21,2008-10-12
1416550747,JAINA PROUDMOORE: TIDES OF WAR,2010-11-14,Not Found
0451462904,THE SWORD OF THE LADY,2009-09-13,Not Found
0316342513,EVEN DOGS IN THE WILD,2016-02-07,Not Found
140006709X,NIGHTWOODS,2011-10-16,2011-11-06
1416595619,THE BODIES LEFT BEHIND,2008-11-30,2008-12-07
0061537934,THE ART OF RACING IN THE RAIN,2008-06-08,2008-08-31
0061733148,ROAD DOGS,2009-05-31,2009-06-21
1400069599,TRANSATLANTIC,2013-06-23,2013-07-14
0399156844,THE JUDAS GATE,2011-01-23,2011-01-30
0345536665,MIDNIGHT AT MARBLE ARCH,2013-04-28,Not Found
0446573647,AN OBJECT OF BEAUTY,2010-12-12,2011-01-09
0345509625,DEATH TROOPERS,2009-11-01,2009-11-08
0316219363,THE YELLOW BIRDS,2012-11-11,2012-12-02
1250029910,SON OF NO ONE,2014-09-21,Not Found
0312591063,TO TRY MEN&#39;S SOULS,2009-11-08,2009-11-15
0385533853,ROBOPOCALYPSE,2011-06-26,2011-07-03
0399171177,DEADLY ASSETS,2015-08-23,Not Found
0758280408,DOUBLE FUDGE BROWNIE MURDER,2015-03-15,Not Found
0060837381,THE FIXER UPPER,2009-07-12,2009-07-19
1401323138,DEATH ON THE D-LIST,2010-08-29,Not Found
0316074314,THE LUMINARIES,2013-11-03,2014-01-12
0316032220,BEAT THE REAPER,2009-02-01,2009-02-08
1250050936,CONFESSIONS OF A WILD CHILD,2014-02-23,Not Found
0345511387,DECEIVED,2011-04-10,Not Found
0312651244,SLEEP NO MORE,2012-11-04,Not Found
1439156417,ISTANBUL PASSAGE,2012-06-17,2012-06-24
006229721X,THE MONOGRAM MURDERS,2014-09-28,2014-10-12
0786955007,GAUNTLGRYM,2010-10-24,2010-10-31
0670022691,RULES OF CIVILITY,2011-08-14,2011-09-11
1250019990,HUNTING EVE,2013-08-04,Not Found
0061161705,THE UNSEEN ACADEMICALS,2009-10-25,Not Found
0399165134,TRUST NO ONE,2015-01-25,2015-02-01
0525954287,MRS. LINCOLN&#39;S RIVAL,2014-02-02,Not Found
0553392425,FOOL&#39;S ASSASSIN,2014-08-31,Not Found
0399160795,A MAN WITHOUT BREATH,2013-05-05,Not Found
0312651198,CHASING THE NIGHT,2010-11-07,Not Found
0307594130,BARK,2014-03-16,Not Found
0061876909,PINEAPPLE GRENADE,2012-02-12,Not Found
0373774591,DANGEROUS,2010-06-13,2010-06-20
0062231707,THE ACCURSED,2013-04-07,Not Found
1476745048,COLD BETRAYAL,2015-03-29,Not Found
0441016383,PRINCEPS&#39; FURY,2008-12-14,Not Found
0061629863,BEAUTIFUL SACRIFICE,2012-06-10,Not Found
1400068932,MAJOR PETTIGREW&#39;S LAST STAND,2010-03-28,2010-04-18
1416597883,ONCE A RUNNER,2009-04-26,Not Found
0425227731,UNDEAD AND UNWELCOME,2009-06-21,Not Found
0312593317,A SECRET KEPT,2010-10-03,2010-10-10
0451475267,THE BOURBON KINGS,2015-08-16,Not Found
038553521X,"LOVE, DISHONOR, MARRY, DIE, CHERISH, PERISH",2013-08-04,2013-08-11
1451687508,CHASING SUNSETS,2015-04-26,Not Found
1439187037,A SUDDEN LIGHT,2014-10-19,Not Found
0345516109,JULIET,2010-09-12,Not Found
0525953604,THE GIVING QUILT,2012-11-18,Not Found
1439138338,NORA WEBSTER,2014-10-26,2014-11-02
1414336276,THE THIRD TARGET,2015-01-25,2015-02-01
0345531485,THE SKULL THRONE,2015-04-19,Not Found
1451672721,GOLD,2012-07-22,Not Found
0062319191,ALL THE STARS IN THE HEAVENS,2015-11-01,Not Found
0345530446,THE BIG CAT NAP,2012-04-22,Not Found
0345531035,PRECIOUS GIFTS,2015-12-20,2016-01-10
0385532377,DOUBLE DEXTER,2011-11-06,Not Found
0399155139,ROUGH JUSTICE,2008-09-07,2008-09-14
0451234383,IF YOU WERE HERE,2011-05-22,2011-05-29
0345535227,INTO THE DREAMING,2012-05-13,Not Found
0399176144,THE WOLVES,2016-02-28,Not Found
0061702323,BLINDMAN&#39;S BLUFF,2009-08-30,2009-09-06
039915812X,NIGHT MOVES,2013-03-24,2013-04-07
0399157883,SILENT NIGHT,2013-11-10,Not Found
1400065119,HOME SAFE,2009-05-17,2009-05-24
0385341970,BROKEN,2010-07-11,Not Found
0553807072,CAT OF THE CENTURY,2010-04-25,Not Found
0062106074,HEROES ARE MY WEAKNESS,2014-09-14,Not Found
0765376709,ONE YEAR AFTER,2015-10-04,Not Found
0312550650,BAD BLOOD,2013-03-17,Not Found
0399157808,COVERT WARRIORS,2012-01-15,Not Found
0451463781,TWILIGHT&#39;S DAWN,2011-03-20,Not Found
0553392921,FOOL&#39;S QUEST,2015-08-30,Not Found
0316224553,SAINTS OF THE SHADOW BIBLE,2014-02-02,2014-02-09
0307593916,PLEASE LOOK AFTER MOM,2011-05-01,2011-05-08
0399157220,THE WEIRD SISTERS,2011-02-13,2011-03-20
1439156352,EDGE,2010-11-21,Not Found
0399156623,CURE,2010-08-29,Not Found
0399171231,TOP SECRET,2014-08-24,Not Found
0385354207,MIDNIGHT SUN,2016-03-06,Not Found
031632468X,FROG MUSIC,2014-04-20,2014-05-04
0446573310,BORN OF SILENCE,2012-05-20,Not Found
0670020869,DUNE ROAD,2009-07-05,Not Found
0670785695,WHO ASKED YOU?,2013-10-06,2013-10-13
1101874996,THE CARTEL,2015-07-12,2015-08-09
1439138656,DEAD ZERO,2011-01-16,2011-01-23
1455576646,THE OCTOBER LIST,2013-10-20,Not Found
0385524927,WHILE MY SISTER SLEEPS,2009-03-08,2009-03-15
1400043131,ALL THAT IS,2013-04-21,Not Found
0765332175,AN IRISH COUNTRY WEDDING,2012-11-04,Not Found
006124340X,TEMPTATION AND SURRENDER,2009-03-15,Not Found
0778328198,CALL ME MRS. MIRACLE,2010-10-17,2010-10-24
0061692069,LET ME BE FRANK WITH YOU,2014-11-23,2014-11-30
1416565159,"I, SNIPER",2010-01-17,2010-02-21
0525427910,WAIT FOR SIGNS,2014-11-09,Not Found
1599951967,THE BRIDE COLLECTOR,2010-05-02,Not Found
0525954619,THE FIXER,2015-06-28,Not Found
0312583729,2030,2011-05-29,2011-06-19
0385521383,NEW YORK,2009-11-29,Not Found
0765329042,EARTH UNAWARE,2012-08-05,Not Found
0345507002,MILLENNIUM FALCON,2008-11-09,2008-11-16
0312667574,SWEET VALLEY CONFIDENTIAL,2011-04-17,Not Found
0805087737,THE SPIRE,2009-09-20,2009-10-04
1451693567,THE MUSEUM OF EXTRAORDINARY THINGS,2014-03-09,2014-03-23
0061713783,"LOVERS AT THE CHAMELEON CLUB , PARIS 1932",2014-05-11,Not Found
0385341962,UNDONE,2009-08-02,Not Found
0765330539,A DOG&#39;S JOURNEY,2012-05-27,2012-06-03
0525953000,AT THE EDGE OF THE ORCHARD,2016-04-03,2016-04-10
1250045428,ALL THE OLD KNIVES,2015-03-29,Not Found
0061629758,DEATH ECHO,2010-06-27,Not Found
0307266109,IMPERIAL BEDROOMS,2010-07-04,Not Found
0399167641,THE LADY FROM ZAGREB,2015-04-26,Not Found
0062083422,HUSH HUSH,2015-03-15,Not Found
0758258577,YOU DON&#39;T WANT TO KNOW,2012-08-26,2012-09-02
0399159207,THE LAST DARK,2013-11-03,Not Found
0385535988,LITTLE GREEN,2013-06-02,Not Found
0385348452,THE ACCIDENT,2014-03-30,Not Found
0345510623,DORCHESTER TERRACE,2012-04-22,Not Found
1439165351,MIDNIGHT AND THE MEANING OF LOVE,2011-05-01,Not Found
0312367996,SILENT THUNDER,2008-07-27,Not Found
1594204799,BLUE HORSES,2014-11-02,Not Found
0425263193,DAY SHIFT,2015-05-24,Not Found
1616203048,DESCENT,2015-02-22,Not Found
0062105620,MAYA&#39;S NOTEBOOK,2013-05-12,2013-05-19
0765316994,REDSHIRTS,2012-06-24,Not Found
0765322722,THE WINDS OF DUNE,2009-08-23,Not Found
0307596885,DEAR LIFE,2012-12-02,2012-12-23
0399158499,GONE,2012-09-23,2012-09-30
0312365748,BACK OF BEYOND,2011-08-21,Not Found
0061656003,EVERYTHING TO LOSE,2014-05-11,Not Found
0061143448,DON&#39;T LOOK TWICE,2009-03-22,2009-03-29
0061930210,THE RULE OF NINE,2010-06-20,Not Found
0374202397,A MANUAL FOR CLEANING WOMEN,2015-09-06,2015-09-13
0679456805,AMERICA AMERICA,2008-07-13,2008-07-27
0312548176,"THE FALL OF THE GOVERNOR, PART 1",2013-10-27,Not Found
1439107971,SCARLET NIGHTS,2010-08-22,Not Found
0670022527,ONE OF OUR THURSDAYS IS MISSING,2011-03-27,Not Found
1627792104,THE ASSASSINATION OF MARGARET THATCHER,2014-10-26,Not Found
1616203218,THE STORIED LIFE OF A. J. FIKRY,2014-05-04,2014-05-18
0385540353,THE HEART GOES LAST,2015-10-18,Not Found
039915809X,A DEVIL IS WAITING,2012-01-22,Not Found
0446564508,ROBERT LUDLUM&#39;S THE JANSON COMMAND,2012-03-04,2012-03-18
0399155708,INTERVENTION,2009-08-30,Not Found
0914671170,MY STRUGGLE: BOOK FOUR,2015-05-17,Not Found
0553391690,DASHING THROUGH THE SNOW,2015-10-25,2015-11-01
0385341954,FRACTURED,2008-08-17,Not Found
0812992792,THE ORPHAN MASTER&#39;S SON,2012-02-19,2012-02-26
031236847X,SWEETHEART,2008-09-21,2008-09-28
0385523998,LETHAL LEGACY,2009-03-08,Not Found
1476793743,PALACE OF TREASON,2015-06-21,Not Found
0547819234,IN SUNLIGHT AND IN SHADOW,2012-10-21,2012-10-28
0374173958,THE HYPNOTIST,2011-07-17,2011-07-31
0062291408,RIPPER,2014-02-16,2014-02-23
1439158908,MAMA DEAREST,2009-10-11,Not Found
0345528670,THE AVIATOR&#39;S WIFE,2013-02-03,2013-02-24
1439156379,XO,2012-07-01,Not Found
0525950605,THE STEEL WAVE,2008-06-08,Not Found
0446574627,THE FAMILY CORLEONE,2012-05-27,2012-06-10
006229766X,DANCE OF THE BONES,2015-09-27,Not Found
0399162364,THE GOLEM OF HOLLYWOOD,2014-10-05,Not Found
0345505336,HOTEL ON THE CORNER OF BITTER AND SWEET,2009-04-05,2009-04-12
0399155058,KILLER VIEW,2008-08-03,Not Found
145166737X,SKINNYDIPPING,2012-05-20,Not Found
1250007038,SWEET SALT AIR,2013-07-07,Not Found
031258749X,THE LAST SURGEON,2010-03-07,2010-03-14
0441020372,THE LOST FLEET. BEYOND THE FRONTIER: DREADNAUGHT,2011-05-15,Not Found
0425234355,UNDEAD AND UNFINISHED,2010-07-25,Not Found
039915678X,AGAINST ALL THINGS ENDING,2010-11-07,Not Found
1455599492,YOU SHOULD HAVE KNOWN,2014-04-06,Not Found
0525952837,THIRTEEN,2012-08-12,Not Found
0307957942,DICTATOR,2016-01-31,Not Found
0765376474,A GATHERING OF SHADOWS,2016-03-13,Not Found
0385501129,THE PARTICULAR SADNESS OF LEMON CAKE,2010-06-20,2010-07-25
0307599469,SEATING ARRANGEMENTS,2012-07-01,2012-07-22
0345540700,THE HIGH DRUID&#39;S BLADE,2014-07-27,Not Found
0547318359,NEMESIS,2010-10-31,Not Found
1476709157,THE OPHELIA CUT,2013-05-26,Not Found
0061804193,THE COVE,2012-04-29,Not Found
0061468363,RIDES A DREAD LEGION,2009-04-19,Not Found
0312368488,EVIL AT HEART,2009-09-20,Not Found
0525951784,WAKING THE WITCH,2010-08-15,Not Found
0525950575,RESURRECTING MIDNIGHT,2009-09-13,Not Found
0062015680,PROOF OF GUILT,2013-02-17,Not Found
0765321874,HELL&#39;S FOUNDATIONS QUIVER,2015-11-01,Not Found
1416550771,ARTHAS,2009-05-10,Not Found
1476709181,THE KEEPER,2014-05-25,Not Found
0385514301,THE GOLDEN CITY,2009-09-27,Not Found
042527067X,MAGIC SHIFTS,2015-08-23,Not Found
0312559119,THOUGH NOT DEAD,2011-02-20,Not Found
0061990019,TIGER&#39;S CLAW,2012-09-23,Not Found
1250020107,SHADOW PLAY,2015-10-18,Not Found
0375425136,THE COMFORTS OF A MUDDY SATURDAY,2008-10-12,2008-10-19
1250032350,CAVENDON HALL,2014-04-20,Not Found
0385352875,THE WATER KNIFE,2015-06-14,2015-06-21
0062237187,HUNTING SHADOWS,2014-02-09,Not Found
0061236217,EXECUTIVE PRIVILEGE,2008-06-08,Not Found
0061876895,ELECTRIC BARRACUDA,2011-02-13,Not Found
076538308X,WARHEART,2015-12-06,Not Found
052595256X,THE HUNTER,2012-01-22,Not Found
0312591829,ANOTHER PIECE OF MY HEART,2012-04-01,Not Found
193636574X,A HOLOGRAM FOR THE KING,2012-07-08,2012-08-12
1451665164,A FISTFUL OF COLLARS,2012-09-30,Not Found
1451645759,TAMARACK COUNTY,2013-09-08,Not Found
1451649916,MACRIEVE,2013-07-21,Not Found
1439152780,THE DISTANT HOURS,2010-11-28,2010-12-05
0345532740,"SOMEDAY, SOMEDAY, MAYBE",2013-05-19,Not Found
0061432717,GATOR A-GO-GO,2010-02-14,Not Found
0399157662,D.C. DEAD,2012-01-15,2012-01-22
0312303785,MAYBE THIS TIME,2010-09-19,Not Found
0525951849,THE TEMPLAR SALVATION,2010-11-07,2010-11-14
0778325776,JUST BREATHE,2008-09-14,2008-09-28
1476724024,VERTIGO 42,2014-06-22,Not Found
067002645X,A SERPENT&#39;S TOOTH,2013-06-23,Not Found
045146527X,VISION IN SILVER,2015-03-22,Not Found
1439107947,DAYS OF GOLD,2010-01-17,Not Found
0765323966,HALO: CRYPTUM,2011-01-23,Not Found
0385528078,ZONE ONE,2011-11-06,2011-11-13
0446579823,SUPREME COURTSHIP,2008-09-28,Not Found
0307907333,THE UNCOMMON APPEAL OF CLOUDS,2012-11-11,Not Found
1250020085,YOUR NEXT BREATH,2015-05-17,Not Found
0679403930,BLOOD&#39;S A ROVER,2009-10-11,Not Found
1250027934,CORRUPTED,2015-11-15,Not Found
0425265005,SHIFTING SHADOWS,2014-09-21,Not Found
0812989058,SISI,2016-04-03,Not Found
0812997530,HAUSFRAU,2015-04-05,Not Found
1416593403,THE SPELLMANS STRIKE AGAIN,2010-04-04,Not Found
0374172072,HOLY COW,2015-03-01,Not Found
0307956997,PERFIDIA,2014-09-28,Not Found
006222543X,RECONSTRUCTING AMELIA,2013-04-21,2013-04-28
1455547387,SOMERSET,2014-02-23,2014-03-02
0385515049,THE APPEAL,2008-06-08,2008-06-29
0399155260,DEVIL&#39;S BROOD,2008-10-26,Not Found
1451638450,CAPTAIN VORPATRIL&#39;S ALLIANCE,2012-11-25,Not Found
0451240197,POSSESSION,2013-10-20,Not Found
1439159661,DEEP KISS OF WINTER,2009-11-01,Not Found
0061246247,THE LAUGHTER OF DEAD KINGS,2008-09-14,Not Found
0765304961,ENDER IN EXILE,2008-11-30,2008-12-07
0451463153,SHALADOR&#39;S LADY,2010-03-21,Not Found
0778315339,THE RETURNED,2013-09-15,2013-09-22
1594487510,IMPERFECT BIRDS,2010-04-25,2010-05-02
1400066026,THE SPIES OF WARSAW,2008-06-22,2008-07-06
0307959929,THE SUPREMES AT EARL&#39;S ALL-YOU-CAN-EAT,2013-03-31,Not Found
1476767319,THE ROSIE EFFECT,2015-01-18,Not Found
0425247562,TANGLE OF NEED,2012-06-17,Not Found
0385524986,NOT MY DAUGHTER,2010-01-24,2010-01-31
0786965118,NIGHT OF THE HUNTER,2014-03-30,2014-04-06
0758227175,SOUTHERN COMFORT,2011-05-15,Not Found
1400067243,LUCKY US,2014-08-17,2014-08-24
0062220500,THE CARE AND MANAGEMENT OF LIES,2014-07-20,Not Found
0385344015,I AM HALF-SICK OF SHADOWS,2011-11-20,Not Found
0525953884,TERMINAL CITY,2014-07-06,Not Found
0553807080,HISS OF DEATH,2011-05-01,Not Found
1476706123,RED SPARROW,2013-06-23,Not Found
0385532350,DEXTER IS DELICIOUS,2010-09-26,2010-10-03
0345511425,CRUCIBLE,2013-07-28,Not Found
0345511530,STAR WARS: DARK DISCIPLE,2015-07-26,Not Found
1594202176,THE SELECTED WORKS OF T.S. SPIVET,2009-05-31,Not Found
0786965754,ARCHMAGE,2015-09-20,Not Found
0670026603,ME BEFORE YOU,2013-01-27,Not Found
0765322749,MENTATS OF DUNE,2014-03-30,Not Found
1401324908,STORM FRONT,2013-06-09,Not Found
0307271560,MY FATHER&#39;S TEARS AND OTHER STORIES,2009-06-21,Not Found
0756408792,MIRROR SIGHT,2014-05-25,Not Found
1401323146,SUTTON,2012-10-14,Not Found
006196963X,THE FORT,2010-10-17,Not Found
1439172773,RAINWATER,2009-11-22,Not Found
076533271X,FALLEN MASTERS,2012-10-07,Not Found
0345548515,STAKED,2016-02-14,Not Found
0062381644,THE BONE LABYRINTH,2016-01-03,Not Found
0670026107,MISS JULIA STIRS UP TROUBLE,2013-04-28,Not Found
0393041654,THE GARDEN OF LAST DAYS,2008-06-22,Not Found
0399165266,ROBERT B. PARKER&#39;S BULL RIVER,2014-01-26,Not Found
0812993292,THE UNLIKELY PILGRIMAGE OF HAROLD FRY,2012-08-19,Not Found
0307265730,UNACCUSTOMED EARTH,2008-06-08,2009-01-04
1416565116,NIGHT OF THUNDER,2008-10-12,2008-10-19
0345511441,STAR WARS: LORDS OF THE SITH,2015-05-17,Not Found
1565125967,A RELIABLE WIFE,2009-05-10,Not Found
0062270184,MURDER 101,2014-09-21,Not Found
0525951776,THE LAST LIE,2010-09-05,Not Found
0670026611,THE GIRL YOU LEFT BEHIND,2013-09-08,Not Found
0312587538,OATH OF OFFICE,2012-03-04,Not Found
1599953544,FORBIDDEN,2011-10-02,Not Found
0525952365,ONE LAST THING BEFORE I GO,2012-09-09,Not Found
0062220756,ALL YOU COULD ASK FOR,2013-04-21,Not Found
0060548959,AFTER ALICE,2015-11-15,2016-01-17
0399156453,NOWHERE TO RUN,2010-04-25,Not Found
1439164630,LEFT NEGLECTED,2011-01-30,2011-02-20
0061128899,LIFE SENTENCES,2009-04-05,Not Found
0399158839,THE RISK AGENT,2012-07-08,Not Found
0385538499,THE WINTER PEOPLE,2014-03-02,2014-03-09
1250042968,BORN OF FURY,2014-07-20,Not Found
0060829850,BLUE SMOKE AND MURDER,2008-06-15,Not Found
1439170282,MOBBED,2011-04-24,Not Found
038551638X,A DARK MATTER,2010-02-28,Not Found
0553807064,SANTA CLAWED,2008-11-23,Not Found
0345548485,SHATTERED,2014-07-06,Not Found
0553804693,THE REPUBLIC OF THIEVES,2013-10-27,Not Found
0399159029,PRAGUE FATALE,2012-05-06,Not Found
0345511255,SCOUNDRELS,2011-08-07,Not Found
1439138311,BROOKLYN,2009-05-24,2009-05-31
0345544854,STAR WARS: HEIR TO THE JEDI,2015-03-22,Not Found
159420571X,EVERYTHING I NEVER TOLD YOU,2014-12-07,2015-02-22
0670023515,AS THE CROW FLIES,2012-06-03,Not Found
0375414495,CUTTING FOR STONE,2009-03-08,Not Found
0312368038,STORM CYCLE,2009-08-09,Not Found
1476727392,THE EXPLORERS GUILD,2015-11-08,Not Found
006165597X,15 SECONDS,2012-07-29,Not Found
1400069297,BLOOD AND BEAUTY,2013-08-18,Not Found
0062083392,AFTER I&#39;M GONE,2014-03-02,2014-03-09
1594489505,A THOUSAND SPLENDID SUNS,2008-08-03,Not Found
0446575968,THE TWELFTH INSIGHT,2011-03-06,Not Found
0062009621,DARK PRINCE,2011-03-27,Not Found
0758258585,TELL ME,2013-07-14,Not Found
0670015784,THE SPIRIT OF STEAMBOAT,2013-11-03,Not Found
1439134324,THE HOT GATE,2011-05-22,Not Found
0525952608,COMPOUND FRACTURES,2013-09-08,Not Found
0670021555,MISS JULIA RENEWS HER VOWS,2010-04-25,Not Found
0385531540,RULES OF BETRAYAL,2010-08-01,Not Found
0062092812,TIGER SHRIMP TANGO,2014-02-16,Not Found
0061782424,MUHAMMAD,2010-10-10,Not Found
0670022179,THE LAKE OF DREAMS,2011-01-30,Not Found
0345505085,FAULT LINE,2009-03-29,Not Found
0312622899,AN AMERICAN SPY,2012-04-01,Not Found
1439101078,THAT PERFECT SOMEONE,2010-07-04,Not Found
1770411216,CLOCKWORK ANGELS,2012-09-23,Not Found
0316261130,WINTER STROLL,2015-11-01,Not Found
0393078116,BLOODMONEY,2011-06-19,Not Found
1476781222,GENTLEMAN JOLE AND THE RED QUEEN,2016-02-21,Not Found
0345511565,DARTH BANE,2009-12-27,Not Found
0345530594,STAR WARS: X-WING: MERCY KILL,2012-08-26,Not Found
1476746826,AGENDA 21: INTO THE SHADOWS,2015-01-25,Not Found
0743299841,DAY AFTER NIGHT,2009-09-27,2009-10-04
0062290398,THE INVASION OF THE TEARLING,2015-06-28,Not Found
0778326896,LAKESHORE CHRISTMAS,2009-10-18,Not Found
1455504769,DEATH OF YESTERDAY,2013-04-14,Not Found
1416583297,THE QUILTER&#39;S KITCHEN,2008-10-26,Not Found
0345535820,THE LAST KISS GOODBYE,2013-09-01,Not Found
076533206X,DANGEROUS WOMEN,2013-12-22,Not Found
0765315017,BY SCHISM RENT ASUNDER,2008-08-10,Not Found
0373773021,A MCKETTRICK CHRISTMAS,2008-11-16,Not Found
1476758905,MAGNIFICENT VIBRATION,2014-05-25,Not Found
0312616252,HISS AND HERS,2012-10-07,Not Found
0316018600,A SUMMER AFFAIR,2008-07-20,2008-07-27
0399158111,ROBERT B. PARKER&#39;S IRONHORSE,2013-01-27,Not Found
1451687478,ANGELS WALKING,2014-09-21,Not Found
0345532600,EDGE OF DAWN,2013-03-17,Not Found
0375504338,THE ENCHANTRESS OF FLORENCE,2008-06-15,2008-08-03
1439153957,NORTHWEST ANGLE,2011-09-18,Not Found
0425252884,SWEET TEA REVENGE,2013-03-24,Not Found
0061989991,A TIME FOR PATRIOTS,2011-05-29,Not Found
0345543793,DO OR DIE,2014-02-23,Not Found
0399169520,MY SUNSHINE AWAY,2015-03-01,2015-03-08
0778312704,AN O&#39;BRIEN FAMILY CHRISTMAS,2011-10-16,Not Found
0373777027,A FOOL&#39;S GOLD CHRISTMAS,2012-10-14,Not Found
1250048230,THE SANTANGELOS,2015-07-05,2015-07-12
0525954902,THE INSIDER THREAT,2015-07-19,Not Found
0312605862,CHRISTMAS EVE AT FRIDAY HARBOR,2010-11-14,Not Found
0061468436,MAGICIAN&#39;S END,2013-06-02,Not Found
0307377040,NETHERLAND,2008-06-08,Not Found
0758212739,RETURN TO SENDER,2010-05-16,Not Found
0307717097,THE INFORMATIONIST,2011-04-03,Not Found
1476798176,DID YOU EVER HAVE A FAMILY,2015-10-11,Not Found
0316007021,DROOD,2009-03-01,2009-03-08
0312591071,VALLEY FORGE,2010-11-28,2011-01-09
0316020729,RESCUE,2010-12-19,2010-12-26
1476736332,CAULDRON OF GHOSTS,2014-04-27,Not Found
0399156755,THE VALCOURT HEIRESS,2010-10-24,Not Found
0670019917,LIBERTY,2008-10-05,Not Found
0312619766,THE NIGHT SEASON,2011-03-20,Not Found
0312369727,THE TOURIST,2009-04-05,Not Found
0385534833,"CLOSE YOUR EYES, HOLD HANDS",2014-07-27,Not Found
0765329069,EARTH AWAKENS,2014-06-29,Not Found
0061655988,NO WAY BACK,2013-04-21,Not Found
0312376863,DARK BITES,2014-02-09,Not Found
0385342942,THE TRUTH ACCORDING TO US,2015-06-28,Not Found
0345503821,THE DAYLIGHT WAR,2013-03-03,Not Found
0307393860,THE STORY SISTERS,2009-06-21,2009-06-28
0385539258,A LITTLE LIFE,2016-01-17,2016-01-24
052542914X,KITCHENS OF THE GREAT MIDWEST,2015-08-23,2015-09-06
0312631685,LETTER FROM A STRANGER,2012-04-15,Not Found
0758212720,MR. AND MISS ANONYMOUS,2009-05-17,Not Found
1476703221,THE SOUND AND THE FURRY,2013-09-29,Not Found
0062279416,PATRIOT,2015-10-04,Not Found
030790735X,THE NOVEL HABITS OF HAPPINESS,2015-08-09,Not Found
0451462289,THE SCOURGE OF GOD,2008-09-21,2008-09-28
0758210248,PLUM PUDDING MURDER,2009-10-18,Not Found
039915504X,RESOLUTION,2008-06-22,Not Found
0312343558,SECOND OPINION,2009-03-08,Not Found
1451649940,DARK SKYE,2014-08-24,Not Found
0312595670,STILL MISSING,2010-07-25,2010-08-01
0525954295,MRS. GRANT AND MADAME JULE,2015-03-22,Not Found
0399160574,BRUSH BACK,2015-08-16,Not Found
0312377037,THE BRUTAL TELLING,2009-10-11,Not Found
1594489580,THE BRIEF WONDROUS LIFE OF OSCAR WAO,2008-06-29,Not Found
0425281647,MING TEA MURDER,2015-05-24,Not Found
0345522869,CRUCIBLE OF GOLD,2012-03-25,Not Found
0758225652,DEVIOUS,2011-04-17,Not Found
0786949163,DRAGONS OF THE HOURGLASS MAGE,2009-08-23,Not Found
0062306812,THE MINIATURIST,2014-09-14,Not Found
0553807099,MEN OF THE OTHERWORLD,2009-02-15,Not Found
1476710457,THE CHILDREN&#39;S CRUSADE,2015-04-26,Not Found
0385541031,AMERICAN HOUSEWIFE,2016-01-31,Not Found
0312591837,FAMILY PICTURES,2013-04-07,Not Found
0525950966,THE TEMPTATION OF THE NIGHT JASMINE,2009-02-08,Not Found
1250020522,SIGHT UNSEEN,2014-08-03,Not Found
0060175311,THE CROWNING GLORY OF CALLA LILY PONDER,2009-07-26,Not Found
0373776144,A LAWMAN&#39;S CHRISTMAS,2011-10-16,Not Found
0316212245,PRUDENCE,2015-04-05,Not Found
0312559135,RESTLESS IN THE GRAVE,2012-03-04,Not Found
0525952209,SPELL BOUND,2011-08-14,Not Found
0804197954,EMMA,2015-05-03,Not Found
0553805134,THE GEOMETRY OF SISTERS,2009-05-03,Not Found
1594486409,THE YONAHLOSSEE RIDING CAMP FOR GIRLS,2013-06-23,Not Found
0061560855,EXECUTIVE INTENT,2010-05-30,Not Found
1451645821,ORDINARY GRACE,2013-04-14,Not Found
0525953973,THE POLARIS PROTOCOL,2014-02-02,Not Found
0345471016,THE SCENT OF RAIN AND LIGHTNING,2010-05-23,Not Found
1594204772,A THOUSAND MORNINGS,2012-10-28,2012-11-04
0312611609,SHADOW ZONE,2010-08-08,Not Found
141659888X,A ROGUE OF MY OWN,2009-07-05,Not Found
0345501284,INDIANA JONES AND THE KINGDOM OF THE CRYSTAL SKULL,2008-06-08,Not Found
0525950583,TEMPTED BY TROUBLE,2010-09-05,Not Found
0399156380,KNIT THE SEASON,2009-11-22,Not Found
0399157476,DICK FRANCIS&#39;S GAMBLE,2011-08-14,Not Found
0062395106,TRIGGER MORTIS,2015-09-27,Not Found
0316098124,2312,2012-06-10,Not Found
006146841X,A CROWN IMPERILED,2012-04-01,Not Found
0307908259,THE FOREVER GIRL,2014-03-02,Not Found
0451474627,THE FORGOTTEN ROOM,2016-02-07,Not Found
0756407451,REDOUBT,2012-10-21,Not Found
0802119794,DRAWING CONCLUSIONS,2011-04-10,Not Found
0062248391,HOUSE OF EARTH,2013-02-24,Not Found
0374266328,THE SNOW QUEEN,2014-05-25,Not Found
0345524497,EMBASSYTOWN,2011-06-05,Not Found
1401323588,AND ANOTHER THING...,2009-11-01,Not Found
0765324121,OUT OF THE DARK,2010-10-17,Not Found
147670631X,HEROES PROVED,2012-12-09,Not Found
1400068649,THE LAST TIME I SAW YOU,2010-04-25,Not Found
0812995228,AMONG THE TEN THOUSAND THINGS,2015-08-09,Not Found
0061655953,RECKLESS,2010-05-16,Not Found
0345510585,TREASON AT LISSON GROVE,2011-04-24,Not Found
0307959961,GHOSTMAN,2013-03-10,Not Found
0812997174,THE HIGH MOUNTAINS OF PORTUGAL,2016-02-28,Not Found
0062377183,MORIARTY,2015-01-11,Not Found
0345539788,RED RISING,2014-02-16,Not Found
0525427090,MISS JULIA LAYS DOWN THE LAW,2015-04-26,Not Found
1250077176,EVERYBODY RISE,2015-09-06,Not Found
1595542884,GREEN,2009-09-20,Not Found
1416563792,CRUEL INTENT,2008-12-21,Not Found
1416543031,LONG DRIVE HOME,2011-06-12,Not Found
0765326264,A DOG&#39;S PURPOSE,2010-08-08,Not Found
0765375869,LOCK IN,2014-09-14,Not Found
0451462548,THE SHADOW QUEEN,2009-03-22,Not Found
0804188971,THE GROWNUP,2015-11-22,Not Found
034550920X,VORTEX,2010-12-19,Not Found
1250061563,AFTER THE STORM,2015-08-02,Not Found
0385534930,DISSIDENT GARDENS,2013-09-29,Not Found
039915583X,KNIT TWO,2008-12-14,2008-12-28
0345536703,BLIND JUSTICE,2013-09-15,Not Found
1476734615,THE DAUGHTERS OF MARS,2013-09-08,Not Found
0374280592,THE LAUGHING MONSTERS,2014-11-23,Not Found
006194100X,WISHIN&#39; AND HOPIN&#39;,2009-11-29,Not Found
0345535405,THE LAST VICTIM,2012-08-26,Not Found
0670025836,LOOKING FOR ME,2013-06-16,Not Found
0451474473,MARKED IN FLESH,2016-03-27,Not Found
1439133948,CRYOBURN,2010-11-07,Not Found
0345548388,DEATH ON BLACKHEATH,2014-04-13,Not Found
0316098868,STELLA BAIN,2013-12-01,Not Found
0062069888,CAPITOL MURDER,2012-04-22,Not Found
1455525588,THE STORY OF GOD AND ALL OF US,2013-03-31,Not Found
0307394999,THE NIGHT STRANGERS,2011-10-23,Not Found
0375422757,I SEE YOU EVERYWHERE,2008-11-02,Not Found
1594489769,THE SURRENDERED,2010-03-28,Not Found
0446510300,KILL FOR ME,2009-02-22,Not Found
0756405246,FOUNDATION,2008-10-26,Not Found
1250007046,BLUEPRINTS,2015-06-28,Not Found
0425245535,AGONY OF THE LEAVES,2012-03-25,Not Found
1416571663,FINE JUST THE WAY IT IS,2008-09-28,Not Found
0804138567,BITTERSWEET,2014-06-01,Not Found
006085202X,QUEEN OF BABBLE GETS HITCHED,2008-07-13,Not Found
0399156542,IN HARM&#39;S WAY,2010-08-22,Not Found
1476709211,THE FALL,2015-05-24,Not Found
0061432660,NUCLEAR JELLYFISH,2009-02-15,Not Found
1250029570,THE DEAD WILL TELL,2014-07-27,Not Found
0525429476,THE EXPATRIATES,2016-01-31,Not Found
0385340850,THE COOKBOOK COLLECTOR,2010-08-15,Not Found
1400068266,A DOUBTER&#39;S ALMANAC,2016-03-06,2016-03-13
0316096156,PRIVATE:,2010-07-18,2010-09-12
1451608128,TRAIL OF THE SPELLMANS: DOCUMENT,2012-03-18,Not Found
0316097403,,2012-01-22,2012-03-11
1429983760,BAD MOON RISING,2009-08-23,2009-09-06
0451224507,THE SECRET SERVANT,2008-08-10,2008-09-21
0312383343,PLUM SPOOKY,2009-01-25,2009-03-08
0739328248,ONE DAY AT A TIME,2009-03-15,2009-04-12
1427206039,PATHS OF GLORY,2009-03-22,2009-04-12
0451228574,LOVER AVENGED,2009-05-17,2009-06-14
0739328460,GONE TOMORROW: A JACK REACHER NOVEL,2009-06-07,2009-07-05
0316043908,THE CASTAWAYS,2009-07-26,2009-08-09
1401394530,THE ELEVENTH VICTIM,2009-08-30,2009-10-04
0440338789,DREAMFEVER,2009-09-06,2009-09-20
1101081449,THE MAGICIANS,2009-08-30,2009-09-06
0345516770,A PRINCESS OF LANDOVER,2009-09-06,Not Found
0312946517,VANISHED,2009-09-06,2009-09-13
0446557788,ALEX CROSS&#39;S &#39;TRIAL&#39;,2009-09-13,2009-10-25
1416525677,206 BONES,2009-09-13,2009-10-04
1429962925,THE WAR AFTER ARMAGEDDON,2009-10-04,Not Found
0316071741,A CHANGE in ALTITUDE,2009-10-11,2009-10-18
1459215153,THE PERFECT CHRISTMAS,2009-10-18,2009-10-25
0553907049,FROSTBITTEN,2009-10-18,Not Found
0345518149,EVIDENCE,2009-10-25,2009-11-08
